code,name,mktcap亿,日额万,①毛利率升,②CapEx增(代理),②在建同比(待核实),③OCF/净利,④预收增(代理),通过项数,备注
002562,兄弟科技,56.8,17539.0,True,False,?,True,True,3,晋级
002885,京泉华,75.13,72856.0,True,True,?,True,?,3,晋级
301568,思泰克,68.05,18834.0,True,False,?,True,True,3,晋级
002686,亿利达,37.03,10757.0,True,True,?,True,?,3,晋级
301305,朗坤科技,59.01,11970.0,True,False,?,True,True,3,晋级
600722,金牛化工,117.01,260480.0,True,True,?,True,False,3,晋级
300139,晓程科技,142.37,204264.0,True,False,?,True,True,3,晋级
603336,宏辉果蔬,55.64,17197.0,True,True,?,True,?,3,晋级
301095,广立微,140.58,40947.0,True,True,?,True,?,3,晋级
600234,科新发展,58.25,16346.0,True,True,?,True,False,3,晋级
301016,雷尔伟,42.53,5153.0,True,True,?,True,?,3,晋级
600635,大众公用,139.35,21286.0,True,False,?,True,True,3,晋级
000526,学大教育,45.26,12293.0,True,False,?,True,True,3,晋级
301073,君亭酒店,39.53,19700.0,False,True,?,True,True,3,晋级
603662,柯力传感,141.12,18443.0,False,True,?,True,True,3,晋级
002254,泰和新材,108.4,17493.0,True,True,?,True,False,3,晋级
603600,永艺股份,34.37,9541.0,True,False,?,True,True,3,晋级
002033,丽江股份,50.22,32416.0,True,False,?,True,True,3,晋级
600125,铁龙物流,70.89,7916.0,True,False,?,True,True,3,晋级
603608,天创时尚,89.04,35778.0,True,False,?,True,True,3,晋级
600227,赤天化,72.45,131748.0,True,False,?,True,True,3,晋级
603237,五芳斋,31.81,7405.0,True,True,?,True,False,3,晋级
603101,汇嘉时代,36.17,7181.0,True,False,?,True,False,2,观察
300573,兴齐眼药,133.41,13396.0,True,False,?,True,?,2,淘汰
600123,兰花科创,103.86,13740.0,True,False,?,True,?,2,观察
688663,新风光,107.26,13762.0,True,True,?,False,?,2,淘汰
603382,海阳科技,35.18,5220.0,True,False,?,True,?,2,淘汰
002354,天娱数科,139.81,523639.0,False,True,?,True,?,2,观察
002609,捷顺科技,50.57,5296.0,False,True,?,True,?,2,淘汰
605369,拱东医疗,37.17,5291.0,True,False,?,True,?,2,淘汰
002703,浙江世宝,140.75,173782.0,False,False,?,True,True,2,淘汰
600367,红星发展,120.01,162483.0,True,False,?,True,False,2,淘汰
002886,沃特股份,66.09,153625.0,False,True,?,True,?,2,观察
002437,誉衡药业,87.86,176096.0,True,False,?,True,?,2,淘汰
300153,科泰电源,73.02,43303.0,False,False,?,True,True,2,观察
300792,壹网壹创,61.58,43269.0,True,False,?,True,False,2,淘汰
603353,和顺石油,57.82,43111.0,True,False,?,True,False,2,观察
603636,南威软件,41.21,7150.0,True,True,?,?,?,2,淘汰
002255,海陆重工,65.56,7196.0,True,False,?,True,?,2,淘汰
600354,敦煌种业,45.71,127680.0,True,False,?,False,True,2,淘汰
688711,宏微科技,51.05,14577.0,False,True,?,True,?,2,观察
603001,奥康国际,35.97,14553.0,False,False,?,True,True,2,观察
002921,联诚精密,32.62,14943.0,True,False,?,True,False,2,观察
002907,华森制药,60.51,12923.0,True,False,?,True,False,2,淘汰
688693,锴威特,53.44,12803.0,True,False,?,?,True,2,淘汰
688799,华纳药厂,66.85,13090.0,False,False,?,True,True,2,淘汰
605060,联德股份,98.59,13054.0,True,False,?,True,?,2,淘汰
300473,德尔股份,46.01,13018.0,True,False,?,True,?,2,淘汰
600409,三友化工,148.01,14765.0,True,False,?,False,True,2,淘汰
601518,吉林高速,54.45,5435.0,True,False,?,True,False,2,淘汰
300406,九强生物,69.05,5571.0,True,False,?,True,False,2,淘汰
002888,惠威科技,32.48,14734.0,True,False,?,True,False,2,淘汰
002627,三峡旅游,50.74,13526.0,True,False,?,True,False,2,淘汰
000785,居然智家,143.84,14517.0,True,False,?,True,False,2,淘汰
600368,五洲交通,69.86,14478.0,True,False,?,True,False,2,淘汰
300873,海晨股份,49.85,14434.0,True,False,?,True,False,2,淘汰
002057,中钢天源,66.94,16194.0,True,False,?,True,?,2,淘汰
605016,百龙创园,93.45,12372.0,False,True,?,True,?,2,淘汰
002426,胜利精密,90.85,15800.0,True,True,?,?,?,2,淘汰
688029,南微医学,146.16,15757.0,True,False,?,True,?,2,淘汰
601330,绿色动力,113.29,15676.0,True,False,?,True,?,2,淘汰
002507,涪陵榨菜,130.97,16270.0,True,False,?,True,False,2,淘汰
605133,嵘泰股份,70.63,15314.0,True,False,?,True,?,2,淘汰
300171,东富龙,107.45,15430.0,True,False,?,True,?,2,观察
000070,特发信息,134.77,103837.0,True,False,?,True,False,2,观察
600313,农发种业,84.9,96998.0,False,False,?,True,True,2,淘汰
002782,可立克,75.45,15378.0,False,True,?,True,?,2,淘汰
605566,福莱蒽特,37.79,12710.0,True,False,?,True,False,2,淘汰
603313,梦百合,36.69,15241.0,True,False,?,True,?,2,淘汰
603758,秦安股份,49.59,15064.0,True,False,?,True,?,2,淘汰
688063,派能科技,102.49,16830.0,True,True,?,False,?,2,淘汰
600764,中国海防,132.96,16791.0,True,True,?,False,?,2,淘汰
002698,博实股份,122.09,16738.0,True,False,?,True,?,2,淘汰
300276,三丰智能,88.55,12063.0,True,False,?,True,False,2,淘汰
300231,银信科技,37.8,12052.0,True,False,?,True,False,2,淘汰
300196,长海股份,66.58,16687.0,True,False,?,True,?,2,淘汰
300190,维尔利,38.59,16559.0,True,False,?,True,?,2,观察
003032,传智教育,39.12,90009.0,True,False,?,True,?,2,观察
000908,石药景峰,109.97,5738.0,True,True,?,False,?,2,淘汰
300127,银河磁体,78.4,12137.0,True,False,?,True,?,2,观察
600769,祥龙电业,55.83,12131.0,True,False,?,True,?,2,淘汰
002186,全 聚 德,30.57,12213.0,True,False,?,True,False,2,淘汰
002125,湘潭电化,77.37,16550.0,True,True,?,False,?,2,淘汰
000595,新能股份,63.76,16513.0,True,False,?,True,False,2,淘汰
600063,皖维高新,115.25,16473.0,True,False,?,True,?,2,淘汰
003019,宸展光电,48.63,16376.0,True,True,?,False,?,2,淘汰
002303,美盈森,79.78,17977.0,True,False,?,True,False,2,淘汰
600310,广西能源,65.66,17837.0,True,False,?,True,False,2,观察
002067,景兴纸业,60.76,11781.0,True,False,?,True,False,2,观察
603088,宁波精达,51.39,11631.0,True,False,?,True,False,2,淘汰
301119,正强股份,38.35,14682.0,True,False,?,True,?,2,淘汰
002971,和远气体,81.41,86024.0,True,False,?,True,?,2,淘汰
300177,中海达,48.0,5851.0,True,True,?,?,?,2,淘汰
000919,金陵药业,40.8,5777.0,False,True,?,True,False,2,淘汰
600882,妙可蓝多,107.64,17329.0,True,False,?,True,?,2,淘汰
301393,昊帆生物,60.19,12047.0,True,False,?,True,?,2,淘汰
002332,仙琚制药,85.86,12008.0,True,False,?,True,False,2,淘汰
600572,康恩贝,111.44,17150.0,True,False,?,True,?,2,淘汰
300559,佳发教育,46.42,11907.0,True,False,?,True,?,2,淘汰
002197,证通电子,43.44,18367.0,True,False,?,True,?,2,观察
000035,中国天楹,115.34,18252.0,True,False,?,True,?,2,淘汰
300788,中信出版,48.64,18742.0,True,True,?,False,?,2,淘汰
002984,森麒麟,142.59,11450.0,False,True,?,True,?,2,淘汰
300698,万马科技,36.41,11414.0,False,True,?,True,False,2,淘汰
301092,争光股份,58.0,11380.0,False,True,?,True,?,2,淘汰
603193,润本股份,88.36,11350.0,False,True,?,True,?,2,淘汰
600071,凤凰光学,46.74,5929.0,False,True,?,True,False,2,淘汰
603266,天龙股份,33.04,5899.0,False,True,?,True,?,2,淘汰
600508,上海能源,113.52,75170.0,True,False,?,True,?,2,观察
300587,天铁科技,62.97,11479.0,True,False,?,True,?,2,观察
603668,天马科技,60.34,18212.0,True,False,?,True,False,2,淘汰
603819,神力股份,37.06,18181.0,True,False,?,True,?,2,观察
603496,恒为科技,71.6,18000.0,True,False,?,True,?,2,淘汰
002345,潮宏基,85.92,20038.0,True,False,?,True,False,2,淘汰
600525,长园集团,67.26,10862.0,True,False,?,True,?,2,观察
605488,福莱新材,81.66,20027.0,True,False,?,True,?,2,淘汰
300403,汉宇集团,55.42,6000.0,False,True,?,True,?,2,淘汰
002103,广博股份,36.65,5993.0,True,False,?,False,True,2,淘汰
002559,亚威股份,56.93,19445.0,False,True,?,True,False,2,淘汰
300098,高新兴,78.03,19435.0,True,False,?,True,?,2,淘汰
300629,新劲刚,45.91,10873.0,True,False,?,True,False,2,观察
002479,富春环保,52.33,11167.0,True,False,?,True,?,2,观察
603293,埃泰克,68.84,11166.0,False,True,?,True,?,2,淘汰
300595,欧普康视,98.74,11147.0,False,True,?,True,?,2,淘汰
600770,综艺股份,66.04,11232.0,True,False,?,True,False,2,观察
301078,孩子王,92.19,19140.0,False,False,?,True,True,2,淘汰
603178,圣龙股份,41.37,19049.0,True,False,?,True,?,2,观察
300009,安科生物,139.0,20495.0,True,False,?,True,?,2,淘汰
603882,金域医学,123.69,20452.0,True,False,?,True,?,2,观察
301085,亚康股份,58.15,69480.0,True,False,?,True,?,2,观察
601566,九牧王,60.39,67717.0,True,False,?,True,False,2,淘汰
002158,汉钟精机,146.3,66821.0,True,False,?,True,?,2,淘汰
600785,新华百货,36.01,66722.0,False,True,?,True,False,2,淘汰
002458,益生股份,130.38,66720.0,False,False,?,True,True,2,观察
002201,九鼎新材,60.41,66501.0,False,True,?,True,?,2,淘汰
600576,祥源文旅,60.53,10601.0,False,False,?,True,True,2,淘汰
301055,张小泉,42.15,10732.0,True,False,?,True,False,2,淘汰
600509,天富能源,102.39,10688.0,True,False,?,True,False,2,淘汰
300809,华辰装备,60.6,10654.0,True,False,?,True,?,2,观察
301662,宏工科技,72.73,20341.0,True,False,?,True,?,2,观察
000601,韶能股份,65.65,20175.0,True,False,?,True,?,2,观察
301120,新特电气,56.16,20127.0,True,False,?,True,False,2,观察
688376,美埃科技,84.33,10214.0,True,True,?,False,?,2,淘汰
002218,拓日新能,56.05,10143.0,True,False,?,?,True,2,淘汰
301376,致欧科技,95.79,21944.0,True,False,?,True,?,2,淘汰
002597,金禾实业,119.74,21440.0,True,False,?,True,?,2,淘汰
300121,阳谷华泰,42.48,10350.0,True,False,?,True,?,2,淘汰
600351,亚宝药业,46.09,10309.0,False,False,?,True,True,2,淘汰
002263,大东南,59.17,10308.0,True,False,?,True,?,2,淘汰
001380,华纬科技,48.62,6069.0,True,False,?,True,?,2,淘汰
000505,京粮控股,51.32,64545.0,True,False,?,True,False,2,淘汰
002626,金达威,101.86,10577.0,True,False,?,True,?,2,淘汰
000523,红棉股份,61.86,20854.0,True,False,?,True,False,2,观察
000965,天保基建,37.4,20839.0,False,False,?,True,True,2,淘汰
002807,江阴银行,114.26,20747.0,?,True,?,True,?,2,淘汰
002846,英联股份,46.33,10413.0,True,False,?,True,?,2,淘汰
300727,润禾材料,54.94,20512.0,False,True,?,True,?,2,淘汰
001316,润贝航科,48.64,23801.0,True,False,?,True,?,2,观察
002075,沙钢股份,81.17,9842.0,True,False,?,True,?,2,淘汰
002986,宇新股份,51.39,9809.0,True,False,?,True,?,2,观察
300715,凯伦股份,53.68,9805.0,True,False,?,True,?,2,淘汰
002164,宁波东力,57.1,9785.0,False,True,?,False,True,2,淘汰
002520,日发精机,48.02,23411.0,True,False,?,True,?,2,观察
600075,新疆天业,84.71,22953.0,True,False,?,True,?,2,观察
003010,若羽臣,98.29,22809.0,False,True,?,True,?,2,观察
603330,天洋新材,45.6,62876.0,True,False,?,True,False,2,观察
603319,美湖股份,98.9,62479.0,True,False,?,True,?,2,淘汰
300740,水羊股份,99.37,60704.0,True,False,?,True,?,2,淘汰
000700,模塑科技,101.9,59631.0,True,False,?,True,?,2,淘汰
600825,新华传媒,55.48,9867.0,True,False,?,True,False,2,淘汰
603665,康隆达,35.59,10125.0,True,False,?,True,?,2,淘汰
002256,兆新股份,67.34,10275.0,True,True,?,False,?,2,淘汰
301076,新瀚新材,49.63,10245.0,True,False,?,True,?,2,淘汰
002106,莱宝高科,75.66,25474.0,True,False,?,True,False,2,淘汰
600844,金煤科技,37.2,25324.0,True,False,?,True,?,2,观察
603305,旭升集团,129.9,24134.0,True,False,?,True,?,2,淘汰
300357,我武生物,114.98,25131.0,True,False,?,True,?,2,淘汰
600644,乐山电力,52.92,24955.0,True,False,?,True,?,2,淘汰
603199,九华旅游,37.73,9550.0,True,False,?,True,?,2,淘汰
603927,中科软,116.43,14133.0,True,False,?,False,True,2,淘汰
300827,上能电气,133.83,23748.0,True,True,?,False,?,2,淘汰
603139,康惠股份,38.92,6244.0,True,False,?,True,?,2,观察
000718,苏宁环球,60.39,6237.0,True,False,?,True,False,2,淘汰
603587,地素时尚,61.4,6224.0,True,False,?,True,?,2,淘汰
603031,安孚科技,147.44,58801.0,False,True,?,True,?,2,观察
002906,华阳集团,149.34,24425.0,False,False,?,True,True,2,淘汰
603499,翔港科技,58.16,9769.0,False,False,?,True,True,2,淘汰
002301,齐心集团,57.85,9718.0,True,False,?,True,?,2,淘汰
300840,酷特智能,48.74,24071.0,True,False,?,True,False,2,淘汰
603456,九洲药业,132.87,26933.0,True,False,?,True,False,2,淘汰
000980,众泰汽车,82.19,26912.0,False,True,?,True,?,2,观察
002455,百川股份,55.7,26900.0,True,False,?,True,?,2,观察
688136,科兴制药,41.08,8969.0,False,True,?,False,True,2,淘汰
300606,金太阳,49.2,25811.0,True,False,?,True,?,2,淘汰
300973,立高食品,45.86,9284.0,True,False,?,True,False,2,淘汰
688202,美迪西,125.27,55930.0,True,False,?,True,?,2,观察
600698,湖南天雁,84.53,62003.0,True,False,?,True,?,2,观察
601595,上海电影,84.04,55361.0,False,True,?,False,True,2,淘汰
603988,中电电机,45.51,9451.0,True,False,?,True,?,2,淘汰
301538,骏鼎达,44.92,9444.0,False,True,?,True,?,2,淘汰
600017,日照港,87.66,9402.0,True,False,?,True,False,2,淘汰
600979,广安爱众,49.56,9356.0,True,False,?,True,?,2,淘汰
002793,罗欣药业,51.88,9329.0,True,False,?,True,?,2,观察
603901,永创智能,56.98,9301.0,True,False,?,True,?,2,观察
002077,大港股份,71.32,25545.0,True,False,?,True,False,2,观察
603135,中重科技,57.15,8745.0,True,False,?,True,?,2,观察
688320,禾川科技,49.37,8732.0,True,False,?,True,?,2,观察
688656,浩欧博,66.36,8727.0,True,False,?,True,False,2,观察
603767,中马传动,43.67,8726.0,True,False,?,True,?,2,淘汰
002825,纳尔股份,33.65,8725.0,False,True,?,True,?,2,淘汰
300957,贝泰妮,142.37,28380.0,True,False,?,True,?,2,淘汰
000767,晋控电力,104.0,28296.0,True,False,?,True,?,2,淘汰
300981,中红医疗,70.76,28149.0,False,True,?,True,?,2,观察
000722,湖南发展,85.22,27538.0,True,False,?,True,False,2,观察
301448,开创电气,46.67,6263.0,True,False,?,True,?,2,观察
688219,会通股份,57.94,6361.0,False,True,?,True,?,2,淘汰
600035,楚天高速,59.74,6312.0,True,False,?,True,False,2,淘汰
600073,光明肉业,54.2,8876.0,True,True,?,False,?,2,淘汰
300506,名家汇,71.28,9081.0,True,True,?,?,?,2,淘汰
300685,艾德生物,66.83,9033.0,True,False,?,True,?,2,淘汰
300820,英杰电气,123.92,27053.0,True,False,?,True,?,2,淘汰
300471,厚普股份,46.59,8475.0,True,False,?,False,True,2,淘汰
301565,中仑新材,76.72,8466.0,True,False,?,True,?,2,观察
002860,星帅尔,62.15,29881.0,False,True,?,True,?,2,淘汰
688138,清溢光电,105.74,29417.0,True,False,?,True,?,2,淘汰
300720,海川智能,121.82,53067.0,True,True,?,False,?,2,淘汰
002613,北玻股份,37.86,6463.0,False,True,?,True,?,2,淘汰
301588,美新科技,33.51,6420.0,True,False,?,True,?,2,淘汰
300244,迪安诊断,111.12,51940.0,True,False,?,True,?,2,观察
603099,长白山,104.86,28087.0,False,False,?,True,True,2,观察
002012,凯恩股份,33.11,8677.0,True,True,?,False,?,2,淘汰
688252,天德钰,85.36,8643.0,False,True,?,True,?,2,淘汰
002004,华邦健康,88.11,8634.0,True,False,?,True,False,2,淘汰
600771,广誉远,67.21,8621.0,False,True,?,True,?,2,淘汰
300859,西域旅游,44.76,28897.0,False,False,?,True,True,2,淘汰
600184,光电股份,103.73,28785.0,True,False,?,True,?,2,淘汰
002955,鸿合科技,92.12,28730.0,True,True,?,False,?,2,淘汰
001311,多利科技,69.55,8231.0,True,False,?,True,?,2,淘汰
301239,普瑞眼科,50.54,8187.0,True,False,?,True,False,2,观察
002315,焦点科技,109.33,31841.0,True,False,?,True,False,2,淘汰
605118,力鼎光电,143.02,31777.0,True,False,?,True,?,2,观察
301122,采纳股份,55.5,31653.0,True,False,?,True,?,2,淘汰
000912,泸天化,66.01,31315.0,True,False,?,True,?,2,淘汰
688710,益诺思,112.36,30849.0,True,False,?,True,False,2,观察
300180,华峰超纤,85.76,51149.0,True,False,?,True,?,2,淘汰
002251,步步高,102.17,50740.0,True,False,?,True,?,2,淘汰
300529,健帆生物,124.26,8295.0,True,False,?,True,?,2,淘汰
603367,辰欣药业,65.56,8279.0,True,False,?,True,?,2,淘汰
002590,万安科技,52.06,8255.0,True,False,?,True,?,2,淘汰
600617,国新能源,64.82,8526.0,True,False,?,True,?,2,观察
301178,天亿马,31.73,8515.0,True,False,?,True,?,2,淘汰
000993,闽东电力,49.14,30239.0,True,False,?,True,False,2,淘汰
600792,云煤能源,44.17,30017.0,True,False,?,?,True,2,淘汰
300801,泰和科技,47.73,7992.0,False,True,?,True,?,2,观察
300885,海昌新材,48.12,8130.0,False,True,?,True,False,2,观察
000430,张家界,61.94,33309.0,True,False,?,False,True,2,淘汰
000520,凤凰航运,44.94,49894.0,True,False,?,True,?,2,观察
002274,华昌化工,58.28,49452.0,True,False,?,True,?,2,观察
300884,狄耐克,33.31,6484.0,False,True,?,False,True,2,淘汰
601008,连云港,55.46,6702.0,True,False,?,True,?,2,观察
605228,神通科技,51.37,6665.0,True,False,?,True,False,2,观察
688222,成都先导,125.97,48266.0,True,False,?,True,?,2,观察
603708,家家悦,60.13,8105.0,True,False,?,True,False,2,淘汰
301327,华宝新能,75.19,8079.0,True,False,?,True,?,2,淘汰
002419,天虹股份,54.55,8065.0,False,True,?,True,False,2,淘汰
688095,福昕软件,57.56,32614.0,True,False,?,True,?,2,观察
300634,彩讯股份,91.6,32523.0,True,False,?,False,True,2,淘汰
301380,挖金客,33.27,14233.0,False,True,?,True,False,2,淘汰
688365,光云科技,65.61,32203.0,False,False,?,True,True,2,观察
000026,飞亚达,80.14,34712.0,False,True,?,True,False,2,淘汰
002997,瑞鹄模具,59.68,7957.0,True,True,?,False,?,2,淘汰
301348,蓝箭电子,50.47,13288.0,True,False,?,True,?,2,观察
688667,菱电电控,46.64,7915.0,False,True,?,True,?,2,观察
000880,潍柴重机,112.72,47852.0,True,False,?,True,?,2,观察
600527,江南高纤,39.14,6787.0,True,False,?,True,False,2,淘汰
301270,汉仪股份,31.36,6770.0,True,False,?,True,?,2,淘汰
300850,新强联,111.14,34391.0,True,False,?,True,False,2,淘汰
301321,翰博高新,77.65,34379.0,True,False,?,True,?,2,观察
300031,宝通科技,86.76,34265.0,True,False,?,True,?,2,观察
300049,福瑞医科,111.67,34095.0,True,False,?,True,False,2,淘汰
600638,新黄浦,34.07,8038.0,True,False,?,True,False,2,观察
603790,雅运股份,45.98,8034.0,True,False,?,True,?,2,观察
002962,五方光电,37.39,8026.0,True,False,?,True,False,2,淘汰
301005,超捷股份,123.1,33913.0,False,True,?,True,?,2,淘汰
603065,宿迁联盛,60.12,33468.0,True,False,?,True,?,2,淘汰
002952,亚世光电,35.61,37875.0,False,True,?,True,?,2,观察
300511,雪榕生物,35.05,36931.0,False,True,?,True,?,2,观察
688593,新相微,134.78,36443.0,True,False,?,True,?,2,淘汰
605365,立达信,79.52,36167.0,True,False,?,True,?,2,淘汰
301093,华兰股份,132.99,46407.0,True,False,?,True,?,2,淘汰
002585,双星新材,101.24,43667.0,True,False,?,True,?,2,观察
300566,激智科技,63.93,45851.0,False,True,?,True,?,2,淘汰
003043,华亚智能,98.4,45724.0,True,False,?,True,?,2,观察
603958,哈森股份,45.43,45355.0,True,False,?,True,?,2,观察
002349,精华制药,63.66,35923.0,True,False,?,True,?,2,淘汰
600327,大东方,34.95,7671.0,False,False,?,True,True,2,淘汰
300022,吉峰科技,39.79,7725.0,False,True,?,True,?,2,观察
000501,武商集团,58.06,13325.0,False,False,?,True,True,2,淘汰
002640,跨境通,53.75,34080.0,True,False,?,False,True,2,淘汰
301047,义翘神州,111.83,34069.0,True,False,?,True,False,2,淘汰
300483,首华燃气,98.51,34793.0,False,True,?,True,?,2,观察
600103,青山纸业,79.55,126795.0,True,False,?,True,False,2,淘汰
300185,通裕重工,108.98,14345.0,True,False,?,True,?,2,淘汰
300767,震安科技,52.22,14275.0,True,False,?,True,?,2,观察
300783,三只松鼠,71.42,14261.0,True,True,?,False,?,2,淘汰
603778,国晟科技,71.22,123723.0,True,False,?,?,True,2,淘汰
603719,良品铺子,38.41,5377.0,False,False,?,True,True,2,观察
600108,亚盛集团,84.89,99216.0,True,False,?,False,True,2,淘汰
603890,春秋电子,98.84,114228.0,False,True,?,True,?,2,淘汰
600714,金瑞矿业,61.9,112716.0,True,False,?,True,?,2,淘汰
600540,新赛股份,35.52,110995.0,False,False,?,True,True,2,观察
300133,华策影视,143.79,110173.0,True,False,?,False,True,2,淘汰
002003,伟星股份,145.4,13287.0,True,False,?,True,?,2,淘汰
601828,美凯龙,95.78,13223.0,True,False,?,True,False,2,观察
301026,浩通科技,46.0,13442.0,False,True,?,True,?,2,观察
301226,祥明智能,35.09,13441.0,True,False,?,True,False,2,淘汰
002956,西麦食品,52.41,5384.0,True,False,?,True,?,2,观察
688626,翔宇医疗,64.13,7443.0,True,False,?,True,?,2,淘汰
001207,联科科技,53.17,7314.0,True,False,?,True,?,2,淘汰
002246,北化股份,117.22,40160.0,False,True,?,True,?,2,观察
688356,键凯科技,48.4,40107.0,True,False,?,True,?,2,淘汰
000716,黑芝麻,41.11,39917.0,False,True,?,True,False,2,观察
300986,志特新材,69.32,39816.0,True,False,?,True,?,2,淘汰
300553,集智股份,55.69,39614.0,True,False,?,True,?,2,淘汰
600258,首旅酒店,133.43,39126.0,True,False,?,True,False,2,淘汰
002376,新北洋,54.15,7054.0,False,True,?,True,?,2,观察
603262,技源集团,76.88,7045.0,True,False,?,True,?,2,淘汰
688712,北芯生命,130.27,7018.0,False,True,?,True,?,2,观察
688299,长阳科技,37.02,6970.0,True,False,?,True,?,2,观察
002277,友阿股份,83.93,14385.0,True,False,?,True,False,2,观察
002117,东港股份,43.36,7368.0,True,False,?,False,True,2,淘汰
300138,晨光生物,58.12,7568.0,True,False,?,True,False,2,淘汰
600645,中源协和,87.13,13983.0,False,False,?,True,True,2,淘汰
301168,通灵股份,47.4,5141.0,False,False,?,True,False,1,淘汰
002394,联发股份,34.86,5153.0,False,False,?,True,?,1,淘汰
605388,均瑶健康,37.11,5155.0,True,False,?,False,?,1,淘汰
300590,移为通信,50.98,13571.0,True,False,?,False,?,1,淘汰
301309,万得凯,32.77,5319.0,True,False,?,False,?,1,淘汰
003015,日久光电,33.92,5088.0,False,False,?,True,?,1,淘汰
301665,泰禾股份,104.85,5312.0,False,False,?,True,?,1,观察
001226,拓山重工,35.41,5260.0,False,True,?,False,False,1,淘汰
601086,国芳集团,84.25,165155.0,False,False,?,True,False,1,观察
300045,华力创通,80.18,13491.0,True,False,?,?,False,1,淘汰
603669,灵康药业,37.18,13510.0,False,False,?,False,True,1,淘汰
001229,魅视科技,50.7,13869.0,False,False,?,True,False,1,淘汰
600113,浙江东日,122.24,13910.0,False,False,?,True,False,1,淘汰
603118,共进股份,128.01,134168.0,True,False,?,False,?,1,淘汰
600479,千金药业,64.73,135715.0,True,False,?,False,?,1,淘汰
000655,金岭矿业,42.92,5380.0,False,False,?,True,False,1,淘汰
002616,长青集团,41.84,5392.0,False,False,?,True,False,1,淘汰
603966,法兰泰克,38.46,5403.0,False,False,?,True,?,1,淘汰
600191,华资实业,50.19,5405.0,False,False,?,True,False,1,观察
002983,芯瑞达,48.01,5216.0,False,False,?,True,?,1,淘汰
002996,顺博合金,41.51,5217.0,True,False,?,False,False,1,淘汰
300447,全信股份,44.57,5223.0,True,False,?,False,?,1,淘汰
002333,罗普斯金,36.85,5247.0,False,True,?,False,?,1,淘汰
603757,大元泵业,135.08,142606.0,False,False,?,True,?,1,淘汰
688646,逸飞激光,71.17,13943.0,True,False,?,?,?,1,淘汰
600101,明星电力,43.06,7277.0,False,False,?,True,False,1,淘汰
688765,禾元生物-U,130.84,7142.0,True,False,?,?,?,1,淘汰
600284,浦东建设,50.65,7148.0,False,False,?,False,True,1,淘汰
600603,广汇物流,55.84,7170.0,False,False,?,True,False,1,淘汰
600749,西藏旅游,35.16,42004.0,True,False,?,False,?,1,淘汰
003036,泰坦股份,110.04,42094.0,False,True,?,False,?,1,淘汰
000635,英 力 特,30.31,42198.0,True,False,?,?,False,1,淘汰
300798,锦鸡股份,43.89,42534.0,True,False,?,?,?,1,淘汰
002177,御银股份,46.66,43198.0,False,False,?,True,False,1,淘汰
002929,润建股份,145.05,43219.0,True,False,?,False,False,1,淘汰
301520,万邦医药,51.86,43227.0,False,False,?,True,?,1,淘汰
002176,江特电机,148.27,43358.0,True,False,?,?,?,1,淘汰
000799,酒鬼酒,127.96,40779.0,True,False,?,False,False,1,淘汰
301389,隆扬电子,149.86,43865.0,False,False,?,True,?,1,淘汰
300232,洲明科技,60.73,6864.0,False,False,?,True,?,1,淘汰
300443,金雷股份,59.61,6873.0,False,False,?,True,False,1,淘汰
300557,理工光科,42.38,7312.0,True,False,?,False,?,1,淘汰
688707,振华新材,52.35,7333.0,False,True,?,?,?,1,淘汰
000659,珠海中富,37.41,7339.0,True,False,?,?,False,1,淘汰
600333,长春燃气,41.54,7350.0,True,False,?,?,?,1,淘汰
300655,晶瑞电材,135.76,40802.0,False,False,?,True,False,1,淘汰
300790,宇瞳光学,94.97,40831.0,False,False,?,True,?,1,淘汰
001208,华菱线缆,94.8,40870.0,True,False,?,False,?,1,淘汰
603400,华之杰,69.59,40954.0,False,False,?,True,?,1,淘汰
002811,郑中设计,45.95,41088.0,True,False,?,False,False,1,淘汰
688181,八亿时空,48.76,41168.0,True,False,?,False,?,1,淘汰
300815,玉禾田,60.43,7176.0,True,False,?,False,?,1,淘汰
002783,凯龙股份,40.2,7191.0,True,False,?,False,?,1,淘汰
301000,肇民科技,57.12,7227.0,False,False,?,True,?,1,淘汰
301335,天元宠物,31.66,7231.0,False,False,?,True,?,1,淘汰
002526,山东矿机,48.67,7247.0,True,False,?,False,?,1,淘汰
688218,江苏北人,46.24,7248.0,False,False,?,True,?,1,观察
002490,山东墨龙,64.15,44531.0,False,False,?,True,?,1,淘汰
605162,新中港,47.3,38576.0,False,False,?,True,?,1,淘汰
300283,温州宏丰,62.67,38694.0,False,True,?,False,False,1,淘汰
002011,盾安环境,116.58,38800.0,False,False,?,True,?,1,淘汰
603395,红四方,70.36,38985.0,False,False,?,True,?,1,淘汰
688106,金宏气体,137.57,39328.0,False,False,?,True,?,1,淘汰
000612,焦作万方,131.5,39613.0,False,False,?,True,?,1,观察
603068,博通集成,60.26,37170.0,True,False,?,False,?,1,淘汰
301529,福赛科技,126.71,37250.0,False,False,?,True,?,1,淘汰
002016,世荣兆业,38.43,7282.0,False,False,?,True,?,1,观察
002565,顺灏股份,91.05,39843.0,False,False,?,True,False,1,淘汰
301312,智立方,127.38,40340.0,True,False,?,False,?,1,淘汰
603687,大胜达,89.38,40449.0,False,False,?,True,?,1,淘汰
002094,青岛金王,39.73,40498.0,True,False,?,False,?,1,淘汰
300546,雄帝科技,35.26,40576.0,False,True,?,?,False,1,淘汰
300693,盛弘股份,125.52,40671.0,True,False,?,False,False,1,淘汰
300849,锦盛新材,34.59,7621.0,True,False,?,?,?,1,淘汰
301517,陕西华达,57.52,7385.0,False,True,?,?,?,1,淘汰
300421,力星股份,48.07,7395.0,False,False,?,True,?,1,淘汰
300095,华伍股份,34.24,7412.0,True,False,?,False,?,1,淘汰
300534,陇神戎发,40.04,38468.0,True,False,?,False,False,1,淘汰
000020,深华发Ａ,34.77,6947.0,True,False,?,False,False,1,淘汰
300867,圣元环保,46.9,7014.0,False,False,?,True,?,1,观察
301181,标榜股份,36.95,7017.0,False,False,?,True,?,1,淘汰
001225,和泰机电,31.07,7059.0,False,False,?,True,?,1,淘汰
603209,兴通股份,47.29,7086.0,False,False,?,True,?,1,观察
688330,宏力达,51.49,7109.0,False,True,?,False,?,1,淘汰
000788,北大医药,32.9,6817.0,False,False,?,True,?,1,淘汰
002973,侨银股份,51.7,6826.0,False,False,?,True,?,1,淘汰
301043,绿岛风,32.88,6856.0,False,False,?,True,?,1,淘汰
301175,中科环保,82.43,6861.0,False,False,?,True,?,1,淘汰
002279,久其软件,61.56,44490.0,False,False,?,?,True,1,淘汰
002733,雄韬股份,69.97,36211.0,False,False,?,True,?,1,淘汰
002785,万里石,79.43,36724.0,False,False,?,True,?,1,观察
601015,陕西黑猫,74.96,37107.0,True,False,?,?,?,1,淘汰
603058,永吉股份,41.88,35045.0,False,False,?,True,?,1,观察
688221,前沿生物-U,65.25,37592.0,False,False,?,True,False,1,观察
300745,欣锐科技,47.91,37664.0,False,False,?,True,False,1,观察
603906,龙蟠科技,147.94,37882.0,False,True,?,False,?,1,淘汰
002937,兴瑞科技,88.61,37923.0,False,False,?,True,?,1,淘汰
002933,新兴装备,32.78,7439.0,True,False,?,False,?,1,淘汰
601096,宏盛华源,112.09,7497.0,True,False,?,False,?,1,淘汰
600382,广东明珠,42.53,7548.0,False,False,?,True,False,1,淘汰
300887,谱尼测试,39.51,7553.0,False,True,?,?,?,1,淘汰
600505,西昌电力,38.64,7560.0,False,False,?,True,False,1,观察
301367,瑞迈特,58.21,7570.0,False,False,?,True,?,1,淘汰
000926,福星股份,35.05,7581.0,True,False,?,?,False,1,淘汰
600433,冠豪高新,58.81,7597.0,True,False,?,False,False,1,淘汰
002826,易明医药,33.77,7665.0,False,False,?,True,?,1,观察
001338,永顺泰,46.26,7685.0,False,False,?,True,?,1,淘汰
300313,天山生物,34.5,44799.0,True,False,?,False,False,1,淘汰
300970,华绿生物,30.83,44802.0,False,False,?,True,?,1,观察
301607,富特科技,98.4,45630.0,False,False,?,True,?,1,观察
603220,中贝通信,98.31,45751.0,False,True,?,False,?,1,淘汰
600821,金开新能,118.83,43381.0,False,False,?,True,False,1,淘汰
300348,长亮科技,84.65,43449.0,True,False,?,?,?,1,淘汰
002449,国星光电,40.39,6760.0,True,False,?,?,?,1,淘汰
688543,国科军工,107.49,45918.0,True,False,?,False,?,1,淘汰
603122,合富中国,53.98,46278.0,True,False,?,?,?,1,淘汰
301688,C格林生物,54.92,46338.0,?,?,?,True,?,1,淘汰
688328,深科达,71.22,46412.0,False,False,?,True,?,1,观察
300531,优博讯,54.78,35943.0,True,False,?,False,?,1,淘汰
300581,晨曦航空,60.35,36066.0,True,False,?,?,?,1,淘汰
603976,正川股份,61.47,36170.0,False,False,?,True,?,1,淘汰
300825,阿尔特,61.96,35249.0,True,False,?,False,?,1,淘汰
600251,冠农股份,84.15,35328.0,False,False,?,True,False,1,观察
002410,广联达,146.36,35364.0,True,False,?,False,?,1,淘汰
600969,郴电国际,37.67,35443.0,False,False,?,True,False,1,观察
603123,翠微股份,89.3,35486.0,True,False,?,?,False,1,淘汰
002553,南方精工,60.22,35726.0,False,False,?,True,?,1,淘汰
002868,绿康生化,40.14,35887.0,False,False,?,True,?,1,观察
300916,朗特智能,35.42,7720.0,False,False,?,True,?,1,淘汰
002713,东易日盛,87.34,7725.0,False,True,?,?,False,1,淘汰
002395,双象股份,35.4,7727.0,True,False,?,False,?,1,淘汰
300284,苏交科,65.67,7732.0,False,False,?,False,True,1,淘汰
300082,奥克股份,57.4,7740.0,True,False,?,False,?,1,淘汰
002030,达安基因,75.79,7770.0,True,False,?,?,False,1,淘汰
300043,星辉娱乐,58.85,34427.0,False,False,?,True,?,1,淘汰
301186,超达装备,39.91,7631.0,False,False,?,True,?,1,淘汰
002596,海南瑞泽,39.02,7638.0,True,False,?,?,False,1,淘汰
601366,利群股份,36.47,7925.0,True,False,?,?,False,1,淘汰
000007,全新好,43.03,7935.0,False,True,?,?,False,1,淘汰
002693,双成药业,36.29,7936.0,False,False,?,True,False,1,观察
000920,沃顿科技,53.55,7938.0,True,False,?,False,False,1,淘汰
601116,三江购物,62.22,34521.0,False,False,?,True,False,1,淘汰
300547,川环科技,58.85,34538.0,False,False,?,True,?,1,淘汰
600326,西藏天路,102.87,34630.0,True,False,?,?,?,1,淘汰
688661,和林微纳,147.18,34635.0,True,False,?,?,False,1,淘汰
300945,曼卡龙,34.49,34740.0,False,False,?,True,False,1,淘汰
600744,华银电力,126.13,34840.0,False,False,?,True,?,1,淘汰
000525,红太阳,61.63,7787.0,False,False,?,True,?,1,观察
601500,通用股份,62.69,7791.0,False,False,?,True,?,1,观察
600841,动力新科,80.49,7822.0,False,False,?,True,?,1,观察
603697,有友食品,42.47,7864.0,False,False,?,True,False,1,淘汰
600643,爱建集团,66.44,7870.0,False,False,?,True,False,1,淘汰
301182,凯旺科技,68.03,34067.0,True,False,?,?,False,1,淘汰
001299,美能能源,36.76,46611.0,False,False,?,True,?,1,淘汰
300731,科创新源,79.78,47151.0,False,True,?,?,?,1,淘汰
300065,海兰信,112.7,47566.0,False,True,?,False,?,1,淘汰
688239,航宇科技,104.39,47605.0,False,False,?,True,?,1,淘汰
600512,腾达建设,33.02,6762.0,False,False,?,False,True,1,淘汰
003033,征和工业,54.58,6783.0,False,False,?,True,?,1,淘汰
301072,中捷精工,46.16,6789.0,True,False,?,?,?,1,淘汰
300658,延江股份,34.47,6815.0,False,False,?,True,?,1,观察
300125,聆达股份,62.19,6622.0,False,True,?,False,?,1,淘汰
603316,诚邦股份,35.96,6627.0,True,False,?,False,False,1,淘汰
002527,新时达,73.27,6627.0,False,True,?,?,?,1,淘汰
300174,元力股份,66.1,47855.0,False,False,?,True,?,1,淘汰
000949,新乡化纤,129.07,48121.0,False,False,?,True,False,1,观察
301333,诺思格,54.25,34401.0,False,True,?,False,?,1,淘汰
300491,通合科技,59.11,34423.0,False,False,?,True,?,1,淘汰
688148,芳源股份,30.97,7899.0,False,False,?,True,False,1,观察
605580,恒盛能源,62.92,8133.0,False,False,?,True,False,1,观察
002090,金智科技,37.25,8138.0,True,False,?,False,?,1,淘汰
688196,卓越新能,45.25,8139.0,True,False,?,False,?,1,淘汰
603661,恒林股份,42.8,8143.0,False,False,?,True,False,1,淘汰
600780,通宝能源,72.57,7959.0,False,False,?,True,False,1,淘汰
301129,瑞纳智能,31.73,7962.0,True,False,?,False,?,1,淘汰
000593,德龙汇能,78.79,33334.0,False,False,?,True,?,1,淘汰
688323,瑞华泰,49.58,33356.0,True,False,?,?,?,1,淘汰
300969,恒帅股份,126.22,33394.0,False,False,?,True,?,1,淘汰
601952,苏垦农发,128.43,33782.0,False,False,?,True,False,1,淘汰
600691,潞化科技,71.52,33843.0,True,False,?,False,?,1,淘汰
603339,四方科技,38.8,33843.0,False,True,?,False,?,1,淘汰
688003,天准科技,146.11,33918.0,False,False,?,True,?,1,观察
000650,仁和药业,75.32,8054.0,False,False,?,True,False,1,淘汰
300922,天秦装备,31.3,34352.0,False,False,?,True,?,1,淘汰
002291,遥望科技,53.63,34391.0,True,False,?,False,?,1,淘汰
300872,天阳科技,78.29,32963.0,True,False,?,False,?,1,淘汰
002083,孚日股份,93.72,33050.0,False,False,?,True,?,1,观察
002645,华宏科技,131.57,48666.0,False,False,?,True,False,1,观察
688443,智翔金泰-U,85.25,6663.0,False,True,?,?,?,1,淘汰
002225,濮耐股份,41.96,6722.0,False,False,?,True,?,1,淘汰
688311,盟升电子,40.26,6740.0,True,False,?,?,False,1,淘汰
002570,贝因美,49.9,6743.0,False,False,?,True,?,1,淘汰
301555,惠柏新材,31.83,6743.0,True,False,?,False,?,1,淘汰
300099,尤洛卡,44.38,6756.0,False,False,?,True,False,1,淘汰
301366,一博科技,115.73,49212.0,False,False,?,True,?,1,观察
300459,汤姆猫,132.19,49887.0,False,False,?,True,False,1,观察
601929,吉视传媒,87.94,50150.0,False,True,?,?,False,1,淘汰
300094,国联水产,35.54,33112.0,False,False,?,True,False,1,观察
688377,迪威尔,44.38,8119.0,False,False,?,True,?,1,淘汰
603043,广州酒家,78.74,8123.0,False,False,?,True,?,1,淘汰
002646,天佑德酒,34.25,8127.0,False,False,?,True,?,1,淘汰
601218,吉鑫科技,43.61,8220.0,False,False,?,True,?,1,观察
002110,三钢闽光,73.84,8222.0,False,True,?,?,?,1,淘汰
600189,泉阳泉,56.93,8248.0,False,False,?,True,False,1,观察
002688,金河生物,44.21,8162.0,False,False,?,True,?,1,淘汰
603726,朗迪集团,45.09,8165.0,True,False,?,False,?,1,淘汰
000665,湖北广电,47.31,8185.0,True,False,?,?,?,1,淘汰
002232,启明信息,60.47,8186.0,True,False,?,False,False,1,淘汰
300829,金丹科技,39.73,32234.0,False,False,?,True,False,1,淘汰
300864,南大环境,46.06,32258.0,True,False,?,False,?,1,淘汰
002990,盛视科技,122.44,32341.0,True,False,?,False,False,1,淘汰
002112,三变科技,45.65,32343.0,False,False,?,True,?,1,淘汰
300576,容大感光,111.14,32350.0,False,False,?,True,False,1,淘汰
688378,奥来德,110.03,32470.0,False,False,?,True,?,1,观察
600686,金龙汽车,81.46,31392.0,False,False,?,True,False,1,观察
688689,银河微电,53.93,31648.0,False,False,?,True,?,1,观察
002322,理工能科,46.64,8080.0,True,False,?,False,?,1,淘汰
002413,雷科防务,107.13,31077.0,True,False,?,?,False,1,淘汰
002865,钧达股份,119.0,31146.0,True,False,?,?,?,1,淘汰
300681,英搏尔,65.74,31167.0,False,False,?,True,?,1,观察
300327,中颖电子,84.63,31366.0,False,False,?,True,?,1,观察
600729,重百集团,85.98,8370.0,False,False,?,True,False,1,淘汰
300963,中洲特材,53.34,8384.0,True,False,?,False,?,1,淘汰
300755,华致酒行,47.89,8397.0,True,False,?,?,?,1,淘汰
603999,读者传媒,34.73,8420.0,False,False,?,True,False,1,淘汰
603859,能科科技,100.83,31800.0,True,False,?,False,?,1,淘汰
002589,瑞康医药,48.45,31939.0,False,False,?,True,?,1,淘汰
603402,陕西旅游,73.16,31998.0,False,False,?,True,False,1,淘汰
603093,南华期货,140.05,32039.0,?,False,?,True,?,1,观察
603366,日出东方,63.66,32063.0,False,False,?,True,?,1,淘汰
603203,快克智能,135.3,32109.0,True,False,?,False,?,1,淘汰
603683,晶华新材,46.59,32133.0,False,False,?,True,?,1,淘汰
301631,壹连科技,80.63,32163.0,False,False,?,True,?,1,淘汰
300129,泰胜风能,81.72,8288.0,True,False,?,False,?,1,淘汰
301230,泓博医药,53.58,30667.0,False,False,?,True,False,1,淘汰
300846,首都在线,97.23,50273.0,False,True,?,?,?,1,淘汰
688158,优刻得-W,137.47,50320.0,False,False,?,True,False,1,观察
002382,蓝帆医疗,59.95,6511.0,False,False,?,True,?,1,观察
603610,麒盛科技,49.98,6514.0,False,False,?,True,?,1,淘汰
002550,千红制药,83.95,6515.0,False,False,?,True,?,1,淘汰
301295,美硕科技,38.02,6564.0,True,False,?,False,?,1,淘汰
601199,江南水务,54.71,6577.0,True,False,?,False,False,1,淘汰
001328,登康口腔,52.19,6603.0,False,False,?,True,?,1,淘汰
002935,天奥电子,66.57,6612.0,True,False,?,False,?,1,淘汰
301368,丰立智能,53.35,6616.0,True,False,?,?,?,1,淘汰
688030,山石网科,30.59,6379.0,True,False,?,?,?,1,淘汰
601002,晋亿实业,51.93,6381.0,False,False,?,True,False,1,观察
300599,雄塑科技,40.18,6384.0,True,False,?,False,?,1,淘汰
300184,力源信息,134.27,50551.0,False,True,?,False,?,1,淘汰
001317,三羊马,46.07,29534.0,False,False,?,False,True,1,淘汰
688678,福立旺,80.5,29573.0,False,False,?,True,?,1,观察
300542,新晨科技,40.54,29641.0,False,True,?,?,?,1,淘汰
688516,奥特维,129.3,28418.0,False,False,?,True,?,1,淘汰
000905,厦门港务,143.9,28493.0,False,False,?,True,False,1,淘汰
002386,天原股份,76.28,8455.0,False,False,?,True,?,1,观察
002833,弘亚数控,80.45,8463.0,False,False,?,True,False,1,淘汰
300217,东方电热,62.08,8471.0,False,False,?,True,False,1,淘汰
300643,万通智控,41.15,8486.0,False,False,?,True,?,1,淘汰
301293,三博脑科,106.93,29945.0,False,False,?,True,?,1,淘汰
603559,中通国脉,42.41,30491.0,True,False,?,False,?,1,淘汰
600072,中船科技,136.11,30561.0,True,False,?,?,False,1,淘汰
688633,星球石墨,39.07,8516.0,False,False,?,True,False,1,观察
600467,好当家,35.79,8517.0,False,False,?,True,False,1,淘汰
000589,贵州轮胎,67.62,8540.0,False,False,?,True,?,1,观察
688277,天智航-U,69.13,8267.0,True,False,?,?,?,1,淘汰
000428,华天酒店,47.79,29126.0,True,False,?,?,False,1,淘汰
600936,北投科技,91.07,51231.0,True,False,?,False,?,1,淘汰
002421,达实智能,71.68,51373.0,True,False,?,?,False,1,淘汰
300976,达瑞电子,110.33,51579.0,False,False,?,True,?,1,淘汰
300107,建新股份,39.28,6404.0,True,False,?,False,?,1,淘汰
002021,中捷资源,31.92,6432.0,True,False,?,?,?,1,淘汰
301096,百诚医药,47.48,6437.0,True,False,?,False,?,1,淘汰
301391,卡莱特,43.56,6445.0,False,False,?,True,?,1,观察
300369,绿盟科技,64.61,55609.0,True,False,?,?,False,1,淘汰
300687,赛意信息,117.83,55919.0,True,False,?,False,?,1,淘汰
601999,出版传媒,39.39,52527.0,False,False,?,False,True,1,淘汰
000823,超声电子,86.21,52643.0,False,False,?,True,?,1,淘汰
300071,福石控股,41.64,52647.0,False,False,?,True,?,1,观察
605168,三人行,100.6,29255.0,True,False,?,False,?,1,淘汰
301551,无线传媒,88.8,29396.0,True,False,?,False,?,1,淘汰
300296,利亚德,136.68,29525.0,False,False,?,True,?,1,淘汰
301449,天溯计量,38.46,8724.0,True,False,?,False,?,1,淘汰
002516,旷达科技,79.57,8724.0,False,False,?,True,False,1,观察
600658,电子城,46.64,8725.0,True,False,?,?,False,1,淘汰
000762,西藏矿业,115.52,28570.0,False,False,?,True,?,1,观察
600666,奥瑞德,96.3,28631.0,True,False,?,?,?,1,淘汰
000721,西安饮食,41.49,28727.0,True,False,?,?,False,1,淘汰
301070,开勒股份,83.21,28785.0,True,False,?,False,False,1,淘汰
600982,宁波能源,54.54,8614.0,False,False,?,True,False,1,淘汰
002777,久远银海,52.83,8656.0,False,False,?,False,True,1,淘汰
300810,中科海讯,30.27,8664.0,False,False,?,?,True,1,淘汰
002092,中泰化学,124.92,27957.0,False,False,?,True,False,1,观察
603928,兴业股份,38.67,8543.0,False,False,?,True,?,1,观察
001237,惠康科技,75.73,8551.0,True,False,?,False,?,1,淘汰
300686,智动力,37.66,8574.0,True,False,?,?,False,1,淘汰
688237,超卓航科,51.35,8582.0,False,False,?,True,False,1,观察
002042,华孚时尚,66.67,8587.0,False,False,?,True,False,1,观察
002469,三维化学,41.01,6294.0,True,False,?,False,?,1,淘汰
600903,贵州燃气,78.57,54630.0,False,False,?,True,False,1,淘汰
688556,高测股份,65.38,27592.0,False,True,?,?,?,1,淘汰
001400,江顺科技,66.36,27720.0,False,False,?,True,?,1,淘汰
688418,震有科技,60.56,8907.0,True,False,?,?,?,1,淘汰
002135,东南网架,69.5,8921.0,False,False,?,True,False,1,淘汰
301658,首航新能,92.08,8936.0,True,False,?,?,?,1,淘汰
300215,电科院,48.54,8939.0,False,False,?,True,?,1,观察
300039,上海凯宝,56.17,8947.0,False,False,?,True,False,1,淘汰
300158,振东制药,52.39,8952.0,True,False,?,?,?,1,淘汰
300132,诺斯贝尔,32.85,8965.0,False,False,?,True,?,1,观察
688116,天奈科技,127.77,28099.0,True,False,?,False,?,1,淘汰
688061,灿瑞科技,59.05,28135.0,True,False,?,?,?,1,淘汰
300118,东方日升,107.62,28294.0,True,False,?,?,False,1,淘汰
600199,金种子酒,49.53,28302.0,True,False,?,?,False,1,淘汰
000990,诚志股份,110.08,28350.0,False,False,?,True,False,1,观察
300578,会畅科技,32.71,8766.0,False,True,?,?,?,1,淘汰
301279,金道科技,38.88,8803.0,True,False,?,False,False,1,淘汰
300457,赢合科技,138.95,27241.0,False,False,?,True,?,1,淘汰
002170,芭田股份,114.0,27286.0,False,False,?,True,?,1,观察
300128,锦富技术,67.03,27395.0,True,False,?,?,?,1,淘汰
002631,德尔未来,87.78,53396.0,True,False,?,?,?,1,淘汰
688655,迅捷兴,56.16,53522.0,True,False,?,False,?,1,淘汰
301021,英诺激光,106.75,53871.0,False,False,?,True,False,1,观察
603078,江化微,121.59,54004.0,False,False,?,True,?,1,淘汰
301373,凌玮科技,103.84,54263.0,False,False,?,True,?,1,淘汰
300705,九典制药,55.33,6357.0,False,False,?,True,False,1,淘汰
002054,德美化工,35.15,6368.0,False,False,?,True,False,1,观察
300194,福安药业,46.16,6374.0,False,False,?,True,False,1,淘汰
002166,莱茵生物,50.21,6263.0,False,False,?,True,?,1,观察
300453,三鑫医疗,47.88,6265.0,False,False,?,True,?,1,淘汰
301237,和顺科技,41.05,6280.0,True,False,?,False,?,1,淘汰
300481,濮阳惠成,40.6,9198.0,False,False,?,True,?,1,淘汰
002930,宏川智慧,43.46,9234.0,False,False,?,True,False,1,观察
301281,科源制药,50.64,9236.0,False,True,?,False,?,1,淘汰
000550,江铃汽车,148.39,9256.0,False,False,?,True,?,1,淘汰
600138,中青旅,52.99,9297.0,False,False,?,True,False,1,淘汰
002452,长高电气,73.26,25664.0,True,False,?,False,?,1,淘汰
002068,黑猫股份,59.86,25695.0,True,False,?,?,?,1,淘汰
002169,智光电气,97.99,26946.0,True,False,?,False,False,1,淘汰
600683,京投发展,70.74,26979.0,False,False,?,?,True,1,淘汰
002919,名臣健康,48.25,9007.0,False,True,?,?,?,1,淘汰
603212,赛伍技术,48.78,9012.0,False,True,?,?,?,1,淘汰
688811,有研复材,100.64,9016.0,False,False,?,True,?,1,淘汰
603607,京华激光,39.29,9106.0,False,False,?,True,False,1,淘汰
300523,辰安科技,48.76,9131.0,True,False,?,?,?,1,淘汰
000422,湖北宜化,135.3,26396.0,False,False,?,True,?,1,淘汰
002803,吉宏股份,95.29,26452.0,False,False,?,True,?,1,观察
300516,久之洋,90.44,26771.0,False,False,?,True,?,1,观察
600621,华鑫股份,145.87,26847.0,?,False,?,True,?,1,观察
300852,四会富仕,77.58,54636.0,True,False,?,False,?,1,淘汰
688559,海目星,132.53,54780.0,False,False,?,True,?,1,观察
300214,日科化学,54.16,54971.0,False,False,?,True,?,1,观察
603318,水发燃气,51.81,55069.0,False,False,?,True,?,1,观察
002212,天融信,78.43,55099.0,False,False,?,?,True,1,淘汰
000417,合百集团,49.13,55228.0,True,False,?,False,False,1,淘汰
002706,良信股份,108.49,55299.0,False,False,?,True,?,1,淘汰
600338,西藏珠峰,123.24,55393.0,False,False,?,True,?,1,淘汰
002632,道明光学,59.52,55588.0,False,False,?,True,False,1,淘汰
002284,亚太股份,75.76,55924.0,False,False,?,True,False,1,观察
300663,科蓝软件,42.97,56550.0,True,False,?,?,?,1,淘汰
688090,瑞松科技,106.33,56638.0,False,False,?,True,?,1,观察
605188,国光连锁,72.61,56996.0,False,False,?,True,False,1,淘汰
600094,大名城,92.3,9195.0,False,False,?,True,False,1,淘汰
603013,亚普股份,75.27,9528.0,False,False,?,True,?,1,淘汰
300267,尔康制药,66.62,9530.0,True,False,?,False,?,1,淘汰
000690,宝新能源,107.71,25866.0,False,False,?,True,?,1,淘汰
301488,豪恩汽电,97.15,26010.0,False,False,?,True,?,1,淘汰
000536,华映科技,99.58,26130.0,True,False,?,?,False,1,淘汰
300079,数码视讯,72.01,26147.0,False,False,?,True,False,1,观察
002734,利民股份,79.23,26164.0,False,True,?,False,?,1,淘汰
002728,特一药业,46.04,9324.0,False,False,?,True,?,1,淘汰
002866,传艺科技,41.6,9348.0,False,False,?,True,?,1,淘汰
600868,梅雁吉祥,53.34,9395.0,False,True,?,?,?,1,淘汰
603637,镇海股份,35.04,9404.0,False,False,?,True,?,1,淘汰
300119,瑞普生物,82.22,9462.0,False,False,?,True,False,1,淘汰
688176,亚虹医药-U,74.38,26476.0,True,False,?,?,?,1,淘汰
003039,顺控发展,79.35,26517.0,False,False,?,True,?,1,淘汰
688312,燕麦科技,65.73,26561.0,False,False,?,True,?,1,淘汰
300900,广联航空,77.7,26727.0,True,False,?,False,?,1,淘汰
301012,扬电科技,45.56,24720.0,False,True,?,False,?,1,淘汰
001313,粤海饲料,53.97,24816.0,True,False,?,False,?,1,淘汰
002635,安洁科技,98.49,24874.0,False,False,?,True,False,1,观察
002607,中公教育,125.2,24972.0,False,False,?,True,?,1,淘汰
688135,利扬芯片,63.75,25132.0,False,False,?,True,?,1,观察
301110,青木科技,48.67,25215.0,True,False,?,False,?,1,淘汰
603032,德新科技,44.8,25237.0,False,False,?,True,False,1,观察
301232,飞沃科技,104.34,25279.0,False,True,?,False,?,1,淘汰
688401,路维光电,130.1,25296.0,False,False,?,True,?,1,观察
603300,海南华铁,97.96,25357.0,False,False,?,True,?,1,淘汰
002649,博彦科技,58.79,25486.0,True,False,?,False,False,1,淘汰
603207,小方制药,40.8,25528.0,False,False,?,True,?,1,淘汰
300464,星徽股份,36.31,9477.0,False,False,?,True,?,1,观察
000720,新能泰山,48.0,9489.0,True,False,?,?,False,1,淘汰
301256,华融化学,49.58,9505.0,True,False,?,False,?,1,淘汰
000782,恒申新材,51.49,9508.0,True,False,?,?,?,1,淘汰
300920,润阳科技,45.28,6161.0,False,False,?,True,?,1,淘汰
301007,德迈仕,47.23,9577.0,False,False,?,True,False,1,淘汰
603344,星德胜,47.0,9585.0,False,False,?,True,?,1,淘汰
300055,万邦达,49.87,9593.0,True,False,?,False,?,1,淘汰
301202,朗威股份,49.02,9598.0,True,False,?,False,False,1,淘汰
300539,横河精密,47.56,9600.0,False,False,?,True,?,1,淘汰
002221,东华能源,91.89,9600.0,True,False,?,False,False,1,淘汰
300233,金城医药,50.36,9620.0,False,False,?,True,?,1,观察
002108,沧州明珠,71.55,9628.0,True,False,?,False,?,1,淘汰
002674,兴业科技,68.75,23765.0,False,False,?,True,?,1,观察
301528,多浦乐,52.76,9530.0,False,False,?,True,False,1,淘汰
600262,北方股份,36.84,9555.0,False,False,?,True,?,1,观察
600250,南京商旅,30.68,24539.0,False,False,?,True,?,1,淘汰
601619,嘉泽新能,125.27,24569.0,False,False,?,True,False,1,淘汰
300562,乐心医疗,38.99,24579.0,False,False,?,True,?,1,观察
300802,矩子科技,66.62,24623.0,False,True,?,False,?,1,淘汰
688383,新益昌,122.97,24140.0,True,False,?,False,?,1,淘汰
301046,能辉科技,46.19,24266.0,True,False,?,?,?,1,淘汰
000019,深粮控股,82.18,24379.0,False,False,?,False,True,1,淘汰
002612,朗姿股份,74.24,24416.0,False,False,?,True,?,1,淘汰
600405,动力源,30.95,9559.0,True,False,?,?,?,1,淘汰
300302,同有科技,130.26,57329.0,True,False,?,False,?,1,淘汰
600551,时代出版,54.58,57350.0,False,True,?,False,False,1,淘汰
300191,潜能恒信,117.31,58217.0,False,False,?,True,False,1,观察
301632,广东建科,56.55,6195.0,True,False,?,False,?,1,淘汰
002390,信邦制药,58.32,6221.0,False,False,?,True,?,1,淘汰
002481,双塔食品,53.79,6232.0,False,False,?,True,?,1,淘汰
002286,保龄宝,31.04,6131.0,False,False,?,True,?,1,淘汰
605169,洪通燃气,35.7,6136.0,False,False,?,True,False,1,观察
300515,三德科技,32.57,6142.0,True,False,?,False,?,1,淘汰
600738,丽尚国潮,33.27,6155.0,False,False,?,True,False,1,淘汰
300752,隆利科技,35.58,6155.0,False,False,?,True,?,1,淘汰
603916,苏博特,47.08,23438.0,False,False,?,True,?,1,淘汰
600267,海正药业,137.38,23591.0,False,False,?,True,?,1,观察
002941,新疆交建,80.13,9799.0,False,False,?,False,True,1,淘汰
600478,科力远,80.63,9801.0,True,False,?,False,False,1,淘汰
603012,创力集团,65.17,23769.0,False,False,?,True,False,1,淘汰
688758,赛分科技,109.95,23946.0,True,False,?,False,?,1,淘汰
300860,锋尚文化,56.38,23965.0,True,False,?,?,?,1,淘汰
301439,泓淋电力,58.48,24014.0,False,False,?,False,True,1,淘汰
301421,波长光电,85.84,24041.0,False,False,?,True,?,1,观察
600152,维科技术,42.75,9684.0,False,False,?,?,True,1,淘汰
301161,唯万密封,34.21,9685.0,True,False,?,False,False,1,淘汰
301246,宏源药业,72.92,9707.0,False,True,?,False,?,1,淘汰
301193,家联科技,47.6,9734.0,True,False,?,?,?,1,淘汰
002669,康达新材,35.65,9740.0,False,False,?,False,True,1,淘汰
002752,昇兴股份,60.57,9766.0,False,False,?,True,False,1,观察
301596,瑞迪智驱,50.22,9766.0,False,True,?,False,?,1,淘汰
600506,统一股份,46.08,62934.0,False,False,?,True,False,1,观察
600315,上海家化,125.17,22882.0,False,False,?,True,?,1,观察
002849,威星智能,40.8,22970.0,True,False,?,False,?,1,淘汰
301091,深城交,105.98,23003.0,False,True,?,False,?,1,淘汰
600864,哈投股份,120.26,23034.0,True,False,?,False,?,1,淘汰
600477,杭萧钢构,58.5,9884.0,False,False,?,True,?,1,淘汰
002810,山东赫达,74.96,9904.0,False,False,?,True,?,1,观察
300451,创业慧康,54.53,9921.0,False,False,?,?,True,1,淘汰
603315,福鞍股份,37.51,9931.0,False,False,?,True,?,1,淘汰
002772,众兴菌业,43.47,23045.0,False,False,?,True,?,1,观察
688625,呈和科技,136.14,23184.0,False,False,?,True,?,1,淘汰
301151,冠龙节能,37.4,23188.0,False,False,?,True,?,1,淘汰
300959,线上线下,75.07,23253.0,True,False,?,?,?,1,淘汰
301053,远信工业,43.92,23341.0,True,False,?,False,?,1,淘汰
688261,东微半导,81.52,23375.0,True,False,?,False,?,1,淘汰
603158,腾龙股份,54.57,23435.0,False,False,?,True,?,1,淘汰
300168,万达信息,71.74,9852.0,True,False,?,?,False,1,淘汰
688039,当虹科技,37.66,9857.0,True,False,?,?,False,1,淘汰
300980,祥源新材,32.39,9859.0,False,True,?,False,?,1,淘汰
600593,大连圣亚,53.95,22619.0,False,False,?,True,False,1,观察
002132,恒星科技,58.72,22789.0,False,False,?,True,?,1,观察
000045,深纺织Ａ,55.51,6176.0,False,False,?,True,False,1,观察
300166,东方国信,144.17,59156.0,True,False,?,?,?,1,淘汰
603978,深圳新星,46.23,59963.0,False,False,?,True,?,1,观察
300331,苏大维格,122.56,60262.0,False,False,?,True,?,1,观察
002440,闰土股份,149.49,60610.0,False,False,?,True,?,1,观察
300008,天海防务,111.63,61210.0,True,False,?,False,?,1,淘汰
603601,再升科技,103.61,61822.0,False,False,?,True,?,1,淘汰
605088,冠盛股份,46.16,61829.0,False,False,?,True,?,1,淘汰
300911,亿田智能,57.09,66874.0,True,False,?,?,?,1,淘汰
601678,滨化股份,144.78,62018.0,False,False,?,True,?,1,观察
300927,江天化学,43.02,62438.0,False,False,?,True,?,1,观察
603817,海峡环保,33.41,10278.0,True,False,?,False,?,1,淘汰
300711,广哈通信,50.84,9952.0,False,True,?,False,False,1,淘汰
600640,国脉文化,88.73,10000.0,False,False,?,True,False,1,淘汰
688757,胜科纳米,113.81,22116.0,False,False,?,True,False,1,淘汰
000731,四川美丰,41.05,22166.0,True,False,?,?,?,1,淘汰
003002,壶化股份,35.36,22220.0,False,False,?,True,?,1,淘汰
300868,杰美特,102.51,22296.0,True,False,?,?,?,1,淘汰
002681,奋达科技,89.01,22305.0,False,False,?,True,?,1,淘汰
301687,新广益,71.73,22474.0,True,False,?,False,False,1,淘汰
605068,明新旭腾,34.3,22489.0,True,False,?,?,?,1,淘汰
002582,好想你,46.25,22491.0,False,False,?,False,True,1,淘汰
600633,浙数文化,132.77,22503.0,False,False,?,False,True,1,淘汰
688133,泰坦科技,34.71,10079.0,True,False,?,?,?,1,淘汰
301600,慧翰股份,88.19,10099.0,False,False,?,True,False,1,淘汰
688091,上海谊众,83.84,10102.0,False,False,?,True,?,1,淘汰
300749,顶固集创,52.56,10131.0,False,True,?,False,?,1,淘汰
301087,可孚医疗,122.36,21531.0,False,False,?,True,False,1,淘汰
688108,赛诺医疗,68.96,21631.0,False,False,?,True,?,1,观察
688518,联赢激光,71.92,21635.0,True,False,?,False,?,1,淘汰
002519,银河电子,64.43,21656.0,False,True,?,False,?,1,淘汰
300552,万集科技,47.04,20895.0,False,True,?,?,?,1,淘汰
002146,荣盛发展,52.18,20962.0,True,False,?,?,False,1,淘汰
600163,中闽能源,100.1,10133.0,False,False,?,True,?,1,淘汰
300016,北陆药业,49.27,21814.0,False,False,?,True,?,1,观察
002549,凯美特气,96.1,21826.0,False,False,?,True,?,1,淘汰
600619,海立股份,147.26,21836.0,False,False,?,True,?,1,观察
688720,艾森股份,70.58,21859.0,False,False,?,True,?,1,观察
600376,首开股份,85.9,22036.0,False,True,?,?,False,1,淘汰
001360,南矿集团,37.96,22095.0,False,False,?,True,?,1,淘汰
301408,华人健康,57.6,10158.0,False,False,?,True,False,1,观察
603679,华体科技,38.4,10163.0,True,False,?,?,False,1,淘汰
301025,读客文化,38.95,10274.0,False,False,?,True,?,1,观察
300333,兆日科技,41.16,65424.0,True,False,?,False,?,1,淘汰
603985,恒润股份,78.3,21218.0,False,False,?,False,True,1,淘汰
300812,易天股份,37.1,10310.0,False,False,?,True,?,1,淘汰
002960,青鸟智控,92.41,10331.0,True,False,?,False,False,1,淘汰
002154,报 喜 鸟,59.83,10336.0,False,False,?,True,False,1,观察
002392,北京利尔,93.69,10342.0,True,False,?,False,False,1,淘汰
301263,泰恩康,100.08,10350.0,False,False,?,True,?,1,淘汰
603682,锦和商管,50.23,10366.0,False,False,?,True,False,1,淘汰
301211,亨迪药业,48.44,10281.0,False,False,?,True,?,1,观察
300203,聚光科技,56.41,10297.0,True,False,?,?,False,1,淘汰
000402,金 融 街,77.71,21322.0,False,False,?,?,True,1,淘汰
688227,品高股份,80.36,21328.0,False,True,?,False,?,1,淘汰
600859,王府井,113.85,21369.0,False,False,?,True,False,1,淘汰
600784,鲁银投资,51.21,21402.0,False,False,?,True,?,1,淘汰
300259,新天科技,50.25,21495.0,False,False,?,True,False,1,淘汰
301458,钧崴电子,94.21,21516.0,False,False,?,True,?,1,淘汰
600155,华创云信,136.01,21021.0,?,False,?,True,?,1,观察
300998,宁波方正,41.36,21141.0,False,False,?,True,?,1,观察
600237,铜峰电子,51.07,21212.0,False,False,?,True,?,1,淘汰
300725,药石科技,99.91,63724.0,False,False,?,True,False,1,观察
300401,花园生物,80.36,64669.0,False,False,?,True,False,1,淘汰
000759,中百集团,41.72,65161.0,True,False,?,?,False,1,淘汰
301008,宏昌科技,59.06,65216.0,False,False,?,False,True,1,淘汰
600375,汉马科技,61.4,6086.0,False,False,?,True,?,1,淘汰
600665,天地源,31.54,6087.0,False,False,?,?,True,1,淘汰
688350,富淼科技,38.53,6105.0,False,False,?,True,?,1,淘汰
000042,中洲控股,58.24,6116.0,True,False,?,False,False,1,淘汰
603165,荣晟环保,46.25,6119.0,True,False,?,False,False,1,淘汰
300389,艾比森,47.43,6056.0,True,False,?,False,?,1,淘汰
603386,骏亚科技,45.26,6059.0,True,False,?,?,?,1,淘汰
603528,多伦科技,44.9,6086.0,True,False,?,?,?,1,淘汰
600865,百大集团,42.7,65349.0,False,False,?,True,False,1,淘汰
603883,老百姓,102.22,20605.0,False,False,?,True,False,1,淘汰
301399,英特科技,38.48,20645.0,False,True,?,?,False,1,淘汰
301197,工大科雅,32.67,10387.0,True,False,?,?,False,1,淘汰
002134,天津普林,55.19,20675.0,False,False,?,True,?,1,观察
000061,农 产 品,125.65,20695.0,False,False,?,True,?,1,观察
688510,航亚科技,68.0,20743.0,False,False,?,True,?,1,淘汰
688327,云从科技-UW,107.22,20758.0,False,True,?,?,?,1,淘汰
603016,新宏泰,48.89,20789.0,False,True,?,False,?,1,淘汰
600452,涪陵电力,139.06,20797.0,False,False,?,True,?,1,淘汰
300688,创业黑马,48.54,20857.0,False,True,?,?,?,1,淘汰
002228,合兴包装,39.07,10448.0,False,False,?,True,?,1,淘汰
300241,瑞丰光电,42.0,10452.0,False,False,?,False,True,1,淘汰
002210,飞马国际,60.41,10557.0,False,False,?,True,?,1,观察
600590,泰豪科技,74.2,20969.0,True,False,?,False,False,1,淘汰
301369,联动科技,124.76,20984.0,True,False,?,False,False,1,淘汰
300034,钢研高纳,130.22,21002.0,False,False,?,True,?,1,观察
300047,天源迪科,60.52,20418.0,False,False,?,True,False,1,淘汰
301196,唯科科技,129.53,65751.0,False,False,?,True,False,1,淘汰
603619,中曼石油,105.32,65920.0,False,False,?,True,False,1,淘汰
300589,江龙船艇,54.88,66077.0,True,False,?,?,?,1,淘汰
603090,宏盛股份,42.45,66445.0,False,False,?,True,?,1,淘汰
300077,国民技术,135.22,66726.0,True,False,?,False,?,1,淘汰
600121,郑州煤电,62.38,66818.0,True,False,?,?,False,1,淘汰
688580,伟思医疗,42.43,5931.0,True,False,?,False,False,1,淘汰
000862,银星能源,48.19,5938.0,False,False,?,True,?,1,淘汰
300400,劲拓股份,79.98,67870.0,True,False,?,False,?,1,淘汰
002196,方正电机,53.95,68505.0,False,False,?,True,?,1,观察
002651,利君股份,89.7,20427.0,False,False,?,True,?,1,淘汰
300997,欢乐家,73.29,20496.0,False,False,?,True,?,1,淘汰
688152,麒麟信安,37.05,20513.0,True,False,?,?,?,1,淘汰
300224,正海磁材,108.99,20535.0,False,False,?,True,?,1,淘汰
601882,海天精工,118.13,20563.0,True,False,?,False,?,1,淘汰
603998,方盛制药,47.42,10824.0,False,False,?,True,False,1,淘汰
300808,久量股份,36.48,10828.0,True,False,?,?,?,1,淘汰
301599,理奇智能,138.54,10833.0,False,False,?,True,?,1,淘汰
601003,柳钢股份,99.31,10849.0,False,False,?,True,False,1,淘汰
002276,万马股份,105.15,20048.0,False,False,?,True,False,1,淘汰
301160,翔楼新材,73.72,20161.0,False,False,?,True,?,1,淘汰
300964,本川智能,60.59,20187.0,True,False,?,False,?,1,淘汰
000576,甘化科工,36.7,20305.0,False,True,?,False,?,1,淘汰
688262,国芯科技,92.5,20348.0,True,False,?,?,?,1,淘汰
002387,维信诺,98.06,10657.0,False,False,?,?,True,1,淘汰
002871,伟隆股份,49.54,10714.0,False,False,?,True,False,1,淘汰
300984,金沃股份,57.29,10720.0,True,False,?,False,?,1,淘汰
603903,中持股份,34.7,10621.0,True,False,?,False,?,1,淘汰
002204,大连重工,99.85,10628.0,False,False,?,True,?,1,淘汰
000816,智慧农业,42.69,10646.0,False,False,?,True,False,1,淘汰
002139,拓邦股份,116.33,10652.0,False,False,?,False,True,1,淘汰
301041,金百泽,30.81,10921.0,False,False,?,True,?,1,观察
301360,荣旗科技,37.4,10952.0,False,False,?,True,?,1,观察
000710,贝瑞基因,30.93,10975.0,True,False,?,?,?,1,淘汰
300508,维宏股份,42.94,10983.0,False,False,?,True,?,1,淘汰
300040,九洲集团,36.29,11018.0,False,False,?,True,False,1,淘汰
002658,雪迪龙,49.59,11032.0,False,False,?,True,?,1,淘汰
301556,托普云农,55.38,19166.0,True,False,?,False,?,1,淘汰
001228,永泰运,31.01,10760.0,False,False,?,True,False,1,淘汰
002250,联化科技,138.67,19654.0,False,False,?,True,?,1,观察
000778,新兴铸管,147.03,19677.0,False,False,?,True,False,1,淘汰
000552,甘肃能化,137.01,19786.0,False,False,?,False,True,1,淘汰
600872,中炬高新,143.32,19857.0,False,False,?,True,?,1,观察
600838,上海九百,34.24,19868.0,True,False,?,False,False,1,淘汰
002755,奥赛康,108.59,19972.0,False,False,?,True,False,1,淘汰
603376,大明电子,111.76,10777.0,False,False,?,True,?,1,淘汰
600727,鲁北化工,40.81,10792.0,True,False,?,False,False,1,淘汰
002229,鸿博股份,59.53,69784.0,True,False,?,?,?,1,淘汰
300444,双杰电气,77.89,70184.0,True,False,?,False,?,1,淘汰
000532,华金资本,39.78,5977.0,False,False,?,True,False,1,观察
300719,安达维尔,32.13,5983.0,True,False,?,?,False,1,淘汰
300733,西菱动力,54.45,6000.0,False,False,?,True,?,1,淘汰
002727,一心堂,65.94,6014.0,False,False,?,True,False,1,淘汰
002923,润都股份,37.21,6017.0,False,False,?,True,?,1,观察
600586,金晶科技,58.54,6050.0,False,True,?,?,False,1,淘汰
002824,和胜股份,79.85,70471.0,False,False,?,True,?,1,观察
688677,海泰新光,98.07,70763.0,False,False,?,True,?,1,淘汰
300368,汇金股份,52.58,71642.0,True,False,?,?,False,1,淘汰
603580,艾艾精工,89.67,71930.0,False,False,?,True,?,1,淘汰
300647,超频三,37.0,73641.0,True,False,?,False,?,1,淘汰
688291,金橙子,44.2,19565.0,True,False,?,False,?,1,淘汰
300834,星辉环材,80.6,10893.0,False,False,?,True,?,1,观察
002795,永和智控,32.38,10908.0,True,False,?,False,?,1,淘汰
600078,澄星股份,73.2,19219.0,False,False,?,True,?,1,观察
300084,海默科技,59.98,19231.0,False,True,?,?,False,1,淘汰
300649,杭州园林,37.96,19249.0,True,False,?,?,False,1,淘汰
002183,怡 亚 通,112.97,19312.0,False,False,?,True,False,1,淘汰
603082,北自科技,73.04,19344.0,False,False,?,True,?,1,淘汰
603507,振江股份,53.55,11046.0,False,False,?,True,?,1,观察
300478,杭州高新,37.69,11062.0,True,False,?,?,?,1,淘汰
601177,杭齿前进,57.0,11100.0,False,True,?,False,False,1,淘汰
301468,博盈特焊,54.04,11113.0,False,False,?,True,?,1,淘汰
688165,埃夫特-U,80.2,11116.0,True,False,?,?,?,1,淘汰
301330,熵基科技,60.49,11155.0,True,False,?,False,?,1,淘汰
301045,天禄科技,67.69,18876.0,False,True,?,False,?,1,淘汰
002214,大立科技,99.68,18943.0,True,False,?,?,?,1,淘汰
600395,盘江股份,115.06,19448.0,False,False,?,True,?,1,观察
002843,泰嘉股份,40.78,19478.0,False,False,?,True,?,1,淘汰
002347,泰尔股份,31.34,19525.0,True,False,?,?,?,1,淘汰
002488,金固股份,81.73,18850.0,False,False,?,False,True,1,淘汰
605287,德才股份,53.7,18859.0,False,False,?,True,?,1,淘汰
301234,五洲医疗,72.76,18270.0,False,False,?,True,?,1,观察
000978,桂林旅游,30.99,18972.0,True,False,?,False,False,1,淘汰
000025,特  力Ａ,66.38,18981.0,False,False,?,True,False,1,淘汰
300563,神宇股份,42.18,18983.0,False,False,?,True,False,1,淘汰
002541,鸿路钢构,145.47,19020.0,True,False,?,False,?,1,淘汰
603583,捷昌驱动,101.15,19071.0,True,False,?,False,?,1,淘汰
300222,科大智能,78.93,19074.0,True,False,?,False,?,1,淘汰
300041,回天新材,61.31,19142.0,False,True,?,False,?,1,淘汰
688639,华恒生物,44.27,11189.0,True,False,?,False,?,1,淘汰
300678,中科信息,66.81,11230.0,True,False,?,False,?,1,淘汰
300880,迦南智能,41.45,11239.0,False,True,?,False,?,1,淘汰
300537,广信材料,40.22,11269.0,False,False,?,True,?,1,淘汰
300493,润欣科技,65.35,11286.0,True,False,?,False,?,1,淘汰
688499,利元亨,55.12,11306.0,False,False,?,True,?,1,淘汰
300918,南山智尚,53.5,5767.0,False,False,?,True,?,1,淘汰
002097,山河智能,80.38,18502.0,False,False,?,True,False,1,淘汰
002543,万和电气,55.4,11390.0,False,False,?,True,?,1,淘汰
603222,济民健康,42.27,11391.0,True,False,?,?,False,1,淘汰
688159,有方科技,32.3,11425.0,False,False,?,True,?,1,淘汰
300770,新媒股份,80.61,11432.0,False,False,?,True,?,1,淘汰
002510,天汽模,58.07,11441.0,False,False,?,True,?,1,淘汰
300287,飞利信,52.82,11339.0,True,False,?,?,False,1,淘汰
600592,龙溪股份,59.77,11344.0,False,False,?,True,?,1,淘汰
000957,中通客车,61.6,18573.0,False,False,?,True,False,1,观察
001222,源飞宠物,30.73,18620.0,False,False,?,True,?,1,淘汰
688207,格灵深瞳,44.54,18653.0,True,False,?,?,?,1,淘汰
300739,明阳电路,82.87,18667.0,False,False,?,True,?,1,淘汰
600650,锦江在线,61.5,18714.0,False,False,?,True,False,1,淘汰
002040,南 京 港,43.65,18765.0,False,False,?,True,?,1,淘汰
605178,时空科技,64.51,18820.0,True,False,?,?,?,1,淘汰
300865,大宏立,31.54,18447.0,False,False,?,True,?,1,观察
300397,天和防务,56.73,18468.0,False,False,?,?,True,1,淘汰
603163,圣晖集成,76.2,18474.0,False,False,?,True,?,1,淘汰
605167,利柏特,81.84,18493.0,True,False,?,False,?,1,淘汰
002757,南兴股份,53.45,74298.0,False,False,?,True,?,1,观察
603980,吉华集团,53.74,75349.0,False,False,?,True,?,1,观察
600391,航发科技,125.15,75933.0,False,False,?,True,?,1,淘汰
688057,金达莱,50.01,5873.0,False,False,?,True,?,1,淘汰
688607,康众医疗,34.08,5876.0,False,True,?,?,?,1,淘汰
300213,佳讯飞鸿,38.63,5885.0,False,False,?,True,?,1,观察
603381,永臻股份,35.61,5929.0,True,False,?,False,?,1,淘汰
002167,东方锆业,118.06,79648.0,False,False,?,True,?,1,观察
688485,九州一轨,143.48,80862.0,True,False,?,?,?,1,淘汰
600589,大位科技,120.6,81176.0,True,False,?,?,?,1,淘汰
600610,中毅达,91.59,81472.0,True,False,?,False,?,1,淘汰
300206,理邦仪器,68.34,5762.0,True,False,?,False,?,1,淘汰
300861,美畅股份,108.64,17965.0,False,False,?,True,?,1,观察
603317,天味食品,143.91,17427.0,False,False,?,True,?,1,观察
688653,康希通信,57.18,17456.0,False,False,?,True,?,1,观察
603995,甬金股份,89.92,11462.0,True,False,?,False,False,1,淘汰
688006,杭可科技,123.93,17985.0,False,False,?,True,False,1,淘汰
300619,金银河,61.55,17995.0,False,False,?,True,?,1,观察
603137,恒尚节能,36.79,18114.0,False,False,?,True,?,1,淘汰
003006,百亚股份,62.99,18134.0,False,False,?,True,?,1,淘汰
300151,昌红科技,82.91,18141.0,False,False,?,True,?,1,淘汰
301079,邵阳液压,32.06,18150.0,False,False,?,True,?,1,淘汰
002264,新 华 都,49.81,18183.0,False,False,?,True,?,1,淘汰
300571,平治信息,40.35,18187.0,True,False,?,?,?,1,淘汰
688685,迈信林,55.42,11469.0,False,False,?,True,?,1,淘汰
688575,亚辉龙,57.77,11470.0,False,False,?,True,?,1,观察
605300,佳禾食品,46.89,11486.0,False,False,?,True,?,1,观察
002928,华夏航空,82.19,18418.0,False,False,?,True,?,1,淘汰
600962,国投中鲁,67.62,11735.0,False,False,?,True,?,1,淘汰
300188,国投智能,89.13,11745.0,True,False,?,?,?,1,淘汰
002023,海特高新,71.94,11753.0,True,False,?,False,?,1,淘汰
300492,华图山鼎,67.12,11759.0,False,False,?,True,False,1,淘汰
603931,格林达,66.51,11778.0,False,False,?,True,?,1,淘汰
301560,众捷汽车,30.14,11788.0,False,False,?,True,?,1,淘汰
301669,高特电子,126.05,11487.0,True,False,?,False,?,1,淘汰
603681,永冠新材,44.29,11503.0,False,False,?,True,?,1,观察
301363,美好医疗,127.59,11515.0,False,False,?,True,?,1,淘汰
300332,天壕能源,42.64,11553.0,False,False,?,True,False,1,淘汰
688016,心脉医疗,107.34,11589.0,False,False,?,True,?,1,淘汰
002268,电科网安,120.25,17643.0,True,False,?,?,?,1,淘汰
603261,立航科技,44.74,17802.0,True,False,?,?,?,1,淘汰
600881,亚泰集团,60.12,17867.0,True,False,?,?,False,1,淘汰
002063,远光软件,106.69,17921.0,True,False,?,False,?,1,淘汰
300050,世纪鼎利,37.32,17933.0,True,False,?,False,?,1,淘汰
301132,满坤科技,57.13,17397.0,False,False,?,True,?,1,淘汰
603105,芯能科技,39.65,17404.0,False,False,?,True,False,1,淘汰
000036,华联控股,55.45,11790.0,False,False,?,True,False,1,观察
603197,保隆科技,64.79,11825.0,True,False,?,False,False,1,淘汰
300626,华瑞股份,48.01,11827.0,False,False,?,True,?,1,观察
002695,煌上煌,59.71,11837.0,False,False,?,True,?,1,淘汰
002546,新联电子,66.14,11839.0,False,True,?,False,False,1,淘汰
000936,华西股份,49.44,11848.0,True,False,?,?,False,1,淘汰
003004,声迅股份,61.6,11886.0,True,False,?,?,?,1,淘汰
600684,珠江股份,40.48,17506.0,False,False,?,False,True,1,淘汰
603888,新华网,122.91,17541.0,True,False,?,False,?,1,淘汰
688679,通源环境,54.32,17608.0,True,False,?,?,?,1,淘汰
300486,东杰智能,87.84,17637.0,False,True,?,False,?,1,淘汰
600480,凌云股份,100.59,11620.0,False,False,?,True,?,1,淘汰
000410,沈阳机床,140.93,11639.0,False,False,?,?,True,1,淘汰
000989,九芝堂,76.44,11733.0,False,False,?,True,?,1,观察
002643,万润股份,115.4,17305.0,False,False,?,True,?,1,淘汰
600216,浙江医药,121.94,17312.0,True,False,?,False,?,1,淘汰
600358,国旅联合,61.07,5767.0,True,False,?,?,?,1,淘汰
603120,肯特催化,41.33,5818.0,False,False,?,True,?,1,淘汰
002950,奥美医疗,55.66,5834.0,True,False,?,False,?,1,淘汰
003020,立方制药,40.42,5843.0,False,False,?,True,?,1,淘汰
603387,基蛋生物,47.01,5849.0,False,False,?,True,?,1,观察
603278,大业股份,31.48,5850.0,True,False,?,?,?,1,淘汰
603020,爱普股份,38.39,5864.0,True,False,?,False,False,1,淘汰
600824,益民集团,39.74,5865.0,False,False,?,?,True,1,淘汰
002940,昂利康,54.22,84473.0,False,False,?,True,?,1,淘汰
002897,意华股份,111.19,85574.0,False,False,?,True,?,1,淘汰
003005,竞业达,42.76,87329.0,True,False,?,?,?,1,淘汰
000681,视觉中国,120.5,87483.0,True,False,?,False,?,1,淘汰
600272,开开实业,46.15,89692.0,False,False,?,True,False,1,观察
688073,毕得医药,53.25,17395.0,False,False,?,True,?,1,观察
301177,迪阿股份,97.95,12105.0,False,True,?,False,?,1,淘汰
002522,浙江众成,47.01,12119.0,False,False,?,True,?,1,观察
688115,思林杰,54.98,12128.0,True,False,?,False,?,1,淘汰
300101,振芯科技,82.35,11924.0,True,False,?,?,?,1,淘汰
600488,津药药业,56.23,17021.0,False,False,?,True,False,1,淘汰
688699,明微电子,62.93,17026.0,True,False,?,False,?,1,淘汰
301349,信德新材,60.18,17033.0,False,True,?,False,?,1,淘汰
688321,微芯生物,111.53,17044.0,False,False,?,True,False,1,观察
002847,盐津铺子,122.8,17126.0,False,False,?,True,?,1,淘汰
300622,博士眼镜,50.53,17160.0,False,False,?,True,?,1,观察
603297,永新光学,119.09,17169.0,False,False,?,True,?,1,淘汰
603380,易德龙,53.3,17191.0,False,False,?,True,?,1,淘汰
600470,六国化工,31.56,12025.0,True,False,?,?,?,1,淘汰
301061,匠心家居,108.07,17222.0,False,False,?,True,False,1,淘汰
002915,中欣氟材,60.55,17260.0,True,False,?,False,?,1,淘汰
603155,新亚强,61.68,17291.0,False,False,?,True,False,1,淘汰
600756,浪潮软件,51.05,16566.0,True,False,?,?,?,1,淘汰
603556,海兴电力,122.54,16568.0,True,False,?,False,?,1,淘汰
688553,汇宇制药-W,74.98,16578.0,False,False,?,True,False,1,观察
688105,诺唯赞,100.81,16583.0,False,False,?,True,?,1,观察
000551,创元科技,58.85,16676.0,False,False,?,True,False,1,淘汰
300909,汇创达,96.45,16684.0,False,False,?,True,?,1,淘汰
300592,华凯易佰,65.34,16685.0,False,False,?,True,?,1,观察
000888,峨眉山Ａ,54.27,16718.0,False,False,?,True,?,1,淘汰
002972,科安达,31.14,12051.0,False,False,?,True,?,1,淘汰
688486,龙迅股份,75.63,12082.0,False,False,?,True,?,1,淘汰
002338,奥普光电,97.32,16808.0,True,False,?,False,?,1,淘汰
002918,蒙娜丽莎,44.72,16833.0,False,False,?,True,?,1,观察
002051,中工国际,104.74,16872.0,True,False,?,False,?,1,淘汰
300109,新开源,80.53,16886.0,False,False,?,True,?,1,淘汰
300617,安靠智电,63.43,16955.0,True,False,?,False,?,1,淘汰
301365,矩阵股份,70.8,12094.0,True,False,?,False,?,1,淘汰
300100,双林股份,121.53,12189.0,False,False,?,True,?,1,淘汰
600230,沧州大化,60.52,16550.0,False,False,?,True,?,1,观察
000151,中成股份,35.83,5597.0,False,False,?,True,?,1,观察
603255,鼎际得,40.88,5610.0,False,False,?,True,?,1,观察
300952,恒辉安防,39.12,5612.0,False,False,?,True,?,1,淘汰
002383,合众思壮,53.16,5652.0,True,False,?,?,?,1,淘汰
605399,晨光新材,35.18,5698.0,True,False,?,?,?,1,淘汰
300652,雷迪克,36.94,5707.0,False,True,?,False,?,1,淘汰
002823,凯中精密,42.87,5724.0,False,False,?,True,?,1,淘汰
600800,渤海化学,37.96,5736.0,True,False,?,?,?,1,淘汰
002855,捷荣技术,44.23,76698.0,True,False,?,?,False,1,淘汰
605108,同庆楼,34.45,5577.0,False,False,?,True,?,1,淘汰
301148,嘉戎技术,61.35,5579.0,False,False,?,True,False,1,淘汰
001216,华瓷股份,43.71,5588.0,False,False,?,True,?,1,淘汰
003000,劲仔食品,44.1,5589.0,False,False,?,True,?,1,淘汰
600185,珠免集团,103.3,90588.0,False,False,?,True,?,1,观察
300692,中赋科技,49.54,16092.0,False,False,?,True,False,1,淘汰
301115,联检科技,53.16,16214.0,True,False,?,?,?,1,淘汰
300234,开尔新材,51.12,16216.0,True,False,?,?,False,1,淘汰
603393,新天然气,112.81,16245.0,False,False,?,True,?,1,淘汰
301563,云汉芯城,96.4,16280.0,True,False,?,False,?,1,淘汰
301201,诚达药业,54.71,16290.0,False,False,?,True,False,1,淘汰
000818,航锦科技,80.78,16306.0,False,False,?,True,False,1,观察
300907,康平科技,48.51,16417.0,True,False,?,False,?,1,淘汰
001314,亿道信息,73.07,16495.0,False,True,?,False,?,1,淘汰
300317,珈伟新能,34.2,16536.0,True,False,?,?,?,1,淘汰
002839,张家港行,107.8,12194.0,?,False,?,True,?,1,淘汰
300596,利安隆,94.14,12207.0,False,True,?,False,False,1,淘汰
600501,航天晨光,64.47,12213.0,True,False,?,?,?,1,淘汰
002571,德力股份,45.58,12237.0,True,False,?,?,?,1,淘汰
300921,南凌科技,40.85,12128.0,False,False,?,True,?,1,观察
301108,洁雅股份,43.45,12172.0,False,False,?,True,?,1,淘汰
601789,宁波建工,66.01,15830.0,True,False,?,False,?,1,淘汰
301228,实朴检测,72.89,15842.0,True,False,?,?,?,1,淘汰
003026,中晶科技,51.75,15938.0,True,False,?,False,?,1,淘汰
002034,旺能环境,76.63,12349.0,False,False,?,True,False,1,淘汰
605366,宏柏新材,60.98,12375.0,True,False,?,?,?,1,淘汰
300250,初灵信息,34.41,12410.0,False,True,?,False,False,1,淘汰
000701,厦门信达,35.22,12264.0,False,False,?,False,True,1,淘汰
600133,东湖高新,89.88,12277.0,True,False,?,?,False,1,淘汰
300148,天舟文化,30.27,12289.0,True,False,?,False,?,1,淘汰
300721,怡达股份,35.71,12293.0,False,False,?,True,?,1,观察
300668,杰恩股份,38.41,12301.0,True,False,?,False,?,1,淘汰
600449,宁夏建材,60.11,12309.0,False,False,?,True,?,1,淘汰
600789,鲁抗医药,79.23,12337.0,False,False,?,True,False,1,淘汰
002668,TCL智家,100.5,12340.0,False,False,?,True,?,1,淘汰
300819,聚杰微纤,66.44,16058.0,True,False,?,False,False,1,淘汰
603439,三力制药,49.39,16085.0,False,False,?,True,?,1,淘汰
300307,慈星股份,58.76,12458.0,False,False,?,True,False,1,观察
300737,科顺股份,53.85,12473.0,False,False,?,True,?,1,观察
300270,中威电子,33.34,12495.0,False,False,?,True,False,1,观察
000058,深 赛 格,89.02,15511.0,False,False,?,True,False,1,淘汰
603685,晨丰科技,70.24,15549.0,False,False,?,True,?,1,观察
002107,沃华医药,39.37,15552.0,False,False,?,True,False,1,观察
001376,百通能源,56.53,15576.0,False,False,?,True,?,1,淘汰
300490,华自科技,43.97,15599.0,False,False,?,False,True,1,淘汰
000600,建投能源,134.52,15630.0,False,False,?,True,?,1,淘汰
001227,兰州银行,123.03,15327.0,?,False,?,True,?,1,淘汰
301387,光大同创,57.88,15335.0,False,True,?,?,?,1,淘汰
688293,奥浦迈,77.67,15697.0,False,False,?,True,?,1,观察
600605,汇通能源,57.82,15716.0,False,False,?,True,False,1,淘汰
600408,安泰集团,30.71,15762.0,True,False,?,?,?,1,淘汰
688479,友车科技,71.27,15776.0,True,False,?,False,?,1,淘汰
300560,中富通,40.09,15820.0,True,False,?,False,?,1,淘汰
688028,沃尔德,147.21,102689.0,False,False,?,True,?,1,观察
600613,神奇制药,48.17,103195.0,False,False,?,True,?,1,淘汰
003040,楚天龙,97.39,104200.0,False,True,?,?,?,1,淘汰
002967,广电计量,113.02,12502.0,False,False,?,True,?,1,淘汰
000099,中信海直,107.6,12542.0,False,False,?,True,?,1,淘汰
002062,宏润建设,102.69,12549.0,False,False,?,True,False,1,淘汰
300434,金石亚药,44.15,12598.0,False,False,?,True,False,1,观察
002239,奥特佳,89.59,12601.0,False,False,?,True,?,1,观察
600819,耀皮玻璃,58.41,12634.0,False,False,?,True,?,1,淘汰
605100,华丰股份,77.83,12642.0,False,True,?,False,?,1,淘汰
300411,金盾股份,34.27,12667.0,False,False,?,True,?,1,淘汰
002724,海洋王,52.92,12667.0,True,False,?,False,?,1,淘汰
301381,赛维时代,94.1,12670.0,False,False,?,True,?,1,淘汰
688216,气派科技,34.22,12426.0,False,False,?,True,?,1,观察
301060,兰卫医学,41.81,12427.0,False,False,?,True,?,1,观察
603166,福达股份,71.41,12444.0,False,False,?,True,?,1,淘汰
688103,国力电子,66.86,15344.0,False,True,?,False,?,1,淘汰
000065,北方国际,113.71,15361.0,False,False,?,True,False,1,淘汰
605305,中际联合,66.28,15367.0,True,False,?,False,?,1,淘汰
002416,爱施德,118.1,15375.0,True,False,?,False,?,1,淘汰
605222,起帆电缆,87.08,15419.0,True,False,?,False,?,1,淘汰
301282,金禄电子,83.78,91483.0,True,False,?,False,?,1,淘汰
301216,万凯新材,119.52,92283.0,False,False,?,True,?,1,观察
002141,贤丰控股,65.9,93273.0,False,False,?,True,?,1,淘汰
603039,泛微网络,121.83,94707.0,True,False,?,False,False,1,淘汰
002165,红 宝 丽,57.13,95295.0,True,False,?,?,?,1,淘汰
603011,合锻智能,119.65,97084.0,True,False,?,?,?,1,淘汰
605179,一鸣食品,115.01,98278.0,False,False,?,True,False,1,淘汰
301080,百普赛斯,137.01,83745.0,False,False,?,True,?,1,淘汰
605006,山东玻纤,95.88,83792.0,False,False,?,True,?,1,观察
300674,宇信科技,128.07,100896.0,True,False,?,False,?,1,淘汰
603063,禾望电气,143.61,101993.0,False,False,?,True,?,1,淘汰
603027,千禾味业,99.81,14981.0,False,False,?,True,?,1,淘汰
300932,三友联众,50.64,15002.0,True,False,?,False,False,1,淘汰
300967,晓鸣股份,33.59,15005.0,False,False,?,True,?,1,淘汰
000049,德赛电池,88.97,12675.0,False,False,?,True,?,1,观察
300660,江苏雷利,142.88,15039.0,False,False,?,True,False,1,淘汰
300075,数字政通,68.26,15060.0,True,False,?,?,False,1,淘汰
605123,派克新材,98.72,15083.0,True,False,?,False,?,1,淘汰
605128,上海沿浦,79.97,15083.0,False,False,?,True,?,1,淘汰
300700,岱勒新材,76.43,15084.0,False,False,?,True,?,1,观察
300871,回盛生物,46.75,15091.0,False,True,?,False,?,1,淘汰
301516,中远通,46.74,15122.0,True,False,?,?,?,1,淘汰
002219,新里程,73.53,15177.0,False,False,?,True,False,1,淘汰
000968,蓝焰控股,70.53,15257.0,False,False,?,True,?,1,淘汰
002111,威海广泰,53.41,12702.0,False,False,?,True,?,1,观察
603798,康普顿,36.6,12718.0,False,False,?,True,?,1,淘汰
002577,雷柏科技,54.17,12760.0,True,False,?,False,?,1,淘汰
002655,共达电声,137.49,104710.0,False,False,?,True,?,1,淘汰
688170,德龙激光,63.98,108151.0,True,False,?,?,?,1,淘汰
603360,百傲化学,92.02,12927.0,False,True,?,False,?,1,淘汰
300051,琏升科技,30.58,12991.0,True,False,?,?,False,1,淘汰
603725,天安新材,32.13,13014.0,False,True,?,False,False,1,淘汰
300530,领湃科技,36.92,13033.0,True,False,?,?,?,1,淘汰
600908,无锡银行,127.51,13053.0,?,False,?,True,?,1,淘汰
603505,金石资源,129.03,13088.0,False,False,?,True,?,1,淘汰
600984,建设机械,46.64,12791.0,True,False,?,?,False,1,淘汰
002798,帝欧水华,38.89,12821.0,False,True,?,?,?,1,淘汰
301003,江苏博云,58.81,12852.0,True,False,?,False,?,1,淘汰
600054,黄山旅游,84.17,12856.0,False,False,?,True,False,1,淘汰
600198,大唐电信,98.29,12927.0,True,False,?,?,?,1,淘汰
688226,威腾电气,55.69,14769.0,True,False,?,False,?,1,淘汰
002446,盛路通信,74.79,14770.0,False,False,?,True,?,1,淘汰
001326,联域股份,51.55,14842.0,False,False,?,True,?,1,淘汰
688079,美迪凯,61.15,14613.0,True,False,?,?,False,1,淘汰
002283,天润工业,93.09,14624.0,True,False,?,False,?,1,淘汰
300380,安硕信息,49.8,14714.0,True,False,?,False,?,1,淘汰
002310,东方新能,137.98,14717.0,True,False,?,False,?,1,淘汰
002922,伊戈尔,106.79,104651.0,True,False,?,False,?,1,淘汰
001378,德冠新材,34.44,5492.0,False,False,?,True,?,1,观察
300293,蓝英装备,49.92,5505.0,True,False,?,?,False,1,淘汰
002331,皖通科技,30.33,5507.0,True,False,?,?,?,1,淘汰
688571,杭华股份,35.8,5520.0,False,False,?,True,?,1,淘汰
300375,鹏翎股份,32.25,5551.0,False,False,?,True,False,1,淘汰
688776,国光电气,51.2,5561.0,True,False,?,?,?,1,淘汰
002586,围海股份,46.11,5567.0,True,False,?,False,?,1,淘汰
002523,天桥起重,51.14,5571.0,False,False,?,True,?,1,观察
300691,联合光电,39.07,5408.0,False,False,?,True,?,1,观察
603468,津富士达,96.34,5419.0,False,False,?,True,?,1,淘汰
300822,贝仕达克,37.88,5426.0,False,False,?,True,?,1,淘汰
603375,盛景微,43.69,14300.0,False,False,?,True,?,1,淘汰
603919,金徽酒,89.99,14313.0,False,False,?,True,?,1,淘汰
002707,众信旅游,54.54,14350.0,False,False,?,True,?,1,淘汰
603038,华立股份,43.31,14364.0,False,False,?,True,False,1,观察
300525,博思软件,62.69,14436.0,True,False,?,?,?,1,淘汰
600033,福建高速,99.9,14436.0,False,False,?,True,False,1,淘汰
600201,生物股份,135.29,14436.0,True,False,?,False,False,1,淘汰
002150,正泰电源,75.39,14469.0,False,True,?,False,?,1,淘汰
688733,壹石通,56.16,14543.0,True,False,?,False,?,1,淘汰
000837,秦川机床,100.88,14551.0,False,False,?,True,False,1,淘汰
600496,精工钢构,66.47,13106.0,True,False,?,False,?,1,淘汰
301051,信濠光电,49.72,13141.0,True,False,?,?,?,1,淘汰
300586,美联新材,63.87,13159.0,False,False,?,True,?,1,观察
600757,长江传媒,88.96,13175.0,True,False,?,False,False,1,淘汰
000608,阳光股份,55.19,13176.0,True,False,?,?,False,1,淘汰
300582,英飞特,34.24,13187.0,True,False,?,False,False,1,淘汰
300890,翔丰华,30.92,13192.0,False,False,?,True,?,1,观察
002009,天奇股份,65.56,13241.0,False,False,?,True,?,1,淘汰
603095,越剑智能,39.46,13256.0,False,False,?,True,False,1,淘汰
605136,丽人丽妆,34.84,13263.0,True,False,?,False,?,1,淘汰
300709,精研科技,80.89,108835.0,False,True,?,False,?,1,淘汰
603466,风语筑,73.7,117989.0,True,False,?,False,False,1,淘汰
300182,捷成股份,139.05,120232.0,False,False,?,True,?,1,淘汰
603738,泰晶科技,132.36,98646.0,False,False,?,True,?,1,观察
002181,粤 传 媒,110.3,100739.0,True,False,?,?,False,1,淘汰
000803,山高环能,34.74,5339.0,False,False,?,True,?,1,观察
300988,津荣天宇,30.8,5378.0,False,False,?,True,?,1,淘汰
002017,东信和平,99.02,123976.0,True,False,?,False,?,1,淘汰
002969,嘉美包装,144.23,124732.0,False,False,?,True,?,1,观察
688386,泛亚微透,47.81,14256.0,False,True,?,False,?,1,淘汰
688307,中润光学,56.0,14267.0,False,False,?,True,?,1,观察
300181,佐力药业,94.34,14275.0,True,False,?,False,False,1,淘汰
603285,键邦股份,50.29,13979.0,False,False,?,True,?,1,淘汰
001288,运机集团,67.18,13983.0,False,True,?,False,?,1,淘汰
600855,航天长峰,61.0,14026.0,True,False,?,?,False,1,淘汰
002348,高乐股份,107.66,14027.0,True,False,?,?,?,1,淘汰
603328,依顿电子,104.64,13528.0,False,False,?,True,?,1,淘汰
600814,杭州解百,52.93,13556.0,False,False,?,False,True,1,淘汰
301056,森赫股份,39.48,13558.0,False,False,?,True,?,1,淘汰
600361,创新新材,135.5,14370.0,False,False,?,True,?,1,淘汰
001393,维通利,104.35,14384.0,True,False,?,False,?,1,淘汰
600971,恒源煤电,107.28,14071.0,False,False,?,True,?,1,观察
603113,金能科技,47.52,14127.0,False,True,?,?,False,1,淘汰
301509,金凯生科,35.36,14200.0,False,False,?,True,?,1,淘汰
002006,精工科技,70.16,14241.0,False,False,?,True,False,1,淘汰
600458,时代新材,109.59,14241.0,True,False,?,False,?,1,淘汰
600746,江苏索普,83.5,13403.0,True,False,?,False,?,1,淘汰
600373,中文传媒,99.97,13462.0,True,False,?,False,?,1,淘汰
002418,康盛股份,59.21,163437.0,False,False,?,True,False,1,淘汰
600976,健民集团,43.03,5094.0,True,False,?,False,False,1,淘汰
301077,星华新材,36.36,5109.0,False,False,?,True,?,1,淘汰
688360,德马科技,38.67,5110.0,False,False,?,True,?,1,淘汰
300314,戴维医疗,33.21,5126.0,False,True,?,False,?,1,淘汰
000892,欢瑞世纪,54.84,174232.0,False,True,?,?,False,1,淘汰
002697,红旗连锁,64.6,13691.0,False,False,?,True,?,1,淘汰
688550,瑞联新材,63.86,13695.0,False,False,?,True,?,1,淘汰
600797,浙大网新,71.52,13773.0,False,False,?,?,True,1,淘汰
002406,远东传动,49.95,13777.0,False,False,?,True,?,1,观察
002981,朝阳科技,33.1,5006.0,False,False,?,True,?,1,淘汰
300370,安控科技,34.44,5009.0,True,False,?,?,False,1,淘汰
301535,浙江华远,62.9,5059.0,False,False,?,True,?,1,淘汰
603739,蔚蓝生物,32.19,5062.0,False,False,?,True,?,1,观察
300841,康华生物,66.19,13471.0,False,False,?,True,?,1,淘汰
688636,智明达,35.49,13483.0,True,False,?,False,?,1,淘汰
600628,新世界,41.66,6889.0,False,False,?,True,False,1,淘汰
301033,迈普医学,36.33,6897.0,False,False,?,True,False,1,淘汰
603926,铁流股份,39.4,6919.0,False,False,?,True,?,1,观察
001258,立新能源,114.71,205326.0,False,False,?,True,?,1,观察
600693,东百集团,95.07,205748.0,False,False,?,True,False,1,淘汰
000712,锦龙股份,110.66,218590.0,?,False,?,True,?,1,淘汰
300189,神农种业,72.19,224283.0,True,False,?,?,False,1,淘汰
000560,我爱我家,74.2,245931.0,False,False,?,True,False,1,观察
000592,平潭发展,144.69,255385.0,True,False,?,?,False,1,淘汰
002297,博云新材,122.19,400173.0,False,False,?,False,True,1,淘汰
301668,昊创瑞通,38.28,5001.0,False,False,?,True,False,1,淘汰
300219,鸿利智汇,49.77,13581.0,False,False,?,True,False,1,观察
300026,红日药业,99.14,13585.0,False,False,?,True,?,1,淘汰
688551,科威尔,40.2,13609.0,False,False,?,True,?,1,淘汰
603630,拉芳家化,32.9,13681.0,False,False,?,True,False,1,观察
300393,中来股份,66.25,13684.0,True,False,?,?,False,1,淘汰
300468,四方精创,145.93,401760.0,False,False,?,False,?,0,淘汰
600127,金健米业,78.94,321760.0,False,False,?,?,?,0,淘汰
002104,恒宝股份,99.52,287713.0,False,False,?,?,?,0,淘汰
002580,圣阳股份,102.85,260683.0,False,False,?,False,False,0,淘汰
002639,雪人集团,111.61,228668.0,False,False,?,False,False,0,淘汰
002081,金 螳 螂,137.55,202311.0,False,False,?,False,?,0,淘汰
603421,鼎信通讯,38.28,5120.0,False,False,?,?,?,0,淘汰
001300,三柏硕,30.11,5120.0,False,False,?,?,?,0,淘汰
603187,海容冷链,42.5,5101.0,False,False,?,False,?,0,淘汰
600860,京城股份,46.48,5067.0,False,False,?,?,?,0,淘汰
301157,华塑科技,37.41,5043.0,False,False,?,False,?,0,淘汰
603284,林平发展,31.28,5015.0,False,False,?,False,?,0,淘汰
002401,中远海科,46.24,5003.0,False,False,?,False,False,0,淘汰
002579,中京电子,86.38,165159.0,False,False,?,?,?,0,淘汰
603538,美诺华,92.87,167893.0,False,False,?,False,?,0,淘汰
300940,南极光,30.84,5284.0,False,False,?,False,?,0,淘汰
002160,常铝股份,41.83,5285.0,False,False,?,False,?,0,淘汰
601616,广电电气,32.61,5297.0,False,False,?,?,False,0,淘汰
688077,大地熊,31.08,5330.0,False,False,?,False,False,0,淘汰
688489,三未信安,41.6,5354.0,False,False,?,?,False,0,淘汰
000863,三湘印象,49.24,5359.0,False,False,?,?,False,0,淘汰
603949,雪龙集团,31.25,5369.0,False,False,?,False,?,0,淘汰
300826,测绘股份,33.8,5377.0,False,False,?,False,False,0,淘汰
002721,金一文化,83.77,121889.0,False,False,?,False,False,0,淘汰
002361,神剑股份,100.81,125307.0,False,False,?,?,?,0,淘汰
002654,万润科技,116.57,127148.0,False,False,?,False,?,0,淘汰
300420,五洋自控,89.76,127743.0,False,False,?,?,False,0,淘汰
300378,鼎捷数智,107.92,127821.0,False,False,?,False,?,0,淘汰
001330,博纳影业,79.31,128424.0,False,False,?,?,False,0,淘汰
688373,盟科药业-U,36.42,14196.0,False,False,?,?,?,0,淘汰
002329,皇氏集团,32.38,14203.0,False,False,?,?,?,0,淘汰
300772,运达股份,72.86,14205.0,False,False,?,?,?,0,淘汰
002047,宝鹰股份,52.01,14238.0,False,False,?,?,?,0,淘汰
688351,微电生理,86.68,13306.0,False,False,?,False,?,0,淘汰
300149,睿智医药,45.1,13391.0,False,False,?,?,?,0,淘汰
600694,大商股份,56.44,13489.0,False,False,?,False,?,0,淘汰
600280,中央商场,35.2,13499.0,False,False,?,?,False,0,淘汰
600037,歌华有线,98.26,13504.0,False,False,?,False,False,0,淘汰
600222,太龙药业,47.55,13876.0,False,False,?,False,?,0,淘汰
301210,金杨精密,40.84,13884.0,False,False,?,False,False,0,淘汰
603589,口子窖,116.04,13899.0,False,False,?,False,?,0,淘汰
300046,台基股份,57.19,13929.0,False,False,?,False,?,0,淘汰
301002,崧盛股份,37.84,13944.0,False,False,?,False,?,0,淘汰
603666,亿嘉和,52.78,13953.0,False,False,?,?,?,0,淘汰
600399,抚顺特钢,88.35,14020.0,False,False,?,?,?,0,淘汰
601388,怡球资源,74.84,14449.0,False,False,?,False,False,0,淘汰
600850,电科数字,119.09,14501.0,False,False,?,False,?,0,淘汰
002927,泰永长征,38.68,14540.0,False,False,?,False,?,0,淘汰
688697,纽威数控,96.55,13158.0,False,False,?,False,?,0,淘汰
600156,华升股份,34.9,13173.0,False,False,?,?,?,0,淘汰
688182,灿勤科技,106.0,13185.0,False,False,?,False,?,0,淘汰
000797,中国武夷,40.53,13274.0,False,False,?,?,False,0,淘汰
688210,统联精密,53.58,14252.0,False,False,?,?,?,0,淘汰
301302,华如科技,35.07,14292.0,False,False,?,?,?,0,淘汰
002334,英威腾,55.27,14300.0,False,False,?,False,?,0,淘汰
300968,格林精密,43.2,14307.0,False,False,?,?,?,0,淘汰
301179,泽宇智能,80.76,14058.0,False,False,?,False,?,0,淘汰
300680,隆盛科技,58.15,14071.0,False,False,?,False,?,0,淘汰
002588,史丹利,93.07,14086.0,False,False,?,False,False,0,淘汰
688789,宏华数科,76.61,14110.0,False,False,?,False,?,0,淘汰
603230,内蒙新华,34.65,14170.0,False,False,?,False,False,0,淘汰
688305,科德数控,74.83,14639.0,False,False,?,False,?,0,淘汰
300035,中科电气,86.02,14664.0,False,False,?,False,?,0,淘汰
002289,宇顺电子,99.94,14688.0,False,False,?,False,?,0,淘汰
002557,洽洽食品,95.86,14743.0,False,False,?,False,?,0,淘汰
688337,普源精电,87.8,14756.0,False,False,?,False,False,0,淘汰
300572,安车检测,54.32,14762.0,False,False,?,?,?,0,淘汰
600755,厦门国贸,123.03,12936.0,False,False,?,False,False,0,淘汰
688173,希荻微,52.41,12958.0,False,False,?,?,?,0,淘汰
300710,万隆光电,31.0,12971.0,False,False,?,?,?,0,淘汰
000006,深振业Ａ,94.63,12975.0,False,False,?,?,False,0,淘汰
688083,中望软件,87.79,12985.0,False,False,?,?,?,0,淘汰
605286,同力天启,43.33,13062.0,False,False,?,False,?,0,淘汰
300488,恒锋工具,59.7,13076.0,False,False,?,False,?,0,淘汰
301592,六九一二,74.55,14420.0,False,False,?,?,?,0,淘汰
688788,科思科技,66.94,14439.0,False,False,?,?,?,0,淘汰
002324,普利特,100.22,14441.0,False,False,?,False,?,0,淘汰
603712,七一二,91.87,15254.0,False,False,?,?,?,0,淘汰
002451,摩恩电气,34.15,12712.0,False,False,?,False,False,0,淘汰
002533,金杯电工,82.64,12754.0,False,False,?,False,False,0,淘汰
301261,恒工精密,59.33,12756.0,False,False,?,False,?,0,淘汰
600328,中盐化工,93.7,12842.0,False,False,?,?,?,0,淘汰
300836,佰奥智能,45.18,12909.0,False,False,?,False,?,0,淘汰
002805,丰元股份,48.87,14776.0,False,False,?,False,?,0,淘汰
002530,金财互联,58.67,14818.0,False,False,?,False,False,0,淘汰
000922,佳电股份,100.91,14857.0,False,False,?,False,?,0,淘汰
300618,寒锐钴业,102.66,14860.0,False,False,?,False,?,0,淘汰
603396,金辰股份,39.98,14866.0,False,False,?,False,?,0,淘汰
603103,横店影视,101.15,14934.0,False,False,?,?,?,0,淘汰
000678,襄阳轴承,42.38,14937.0,False,False,?,?,False,0,淘汰
002685,华东重机,54.72,14962.0,False,False,?,False,False,0,淘汰
688160,步科股份,88.93,14972.0,False,False,?,False,False,0,淘汰
300053,航宇微,84.46,14601.0,False,False,?,?,?,0,淘汰
301682,宏明电子,126.41,15265.0,False,False,?,False,False,0,淘汰
000931,中 关 村,34.12,15292.0,False,False,?,?,False,0,淘汰
002829,星网宇达,44.01,15297.0,False,False,?,False,?,0,淘汰
603918,金桥信息,41.4,15304.0,False,False,?,?,?,0,淘汰
600300,维维股份,52.88,15346.0,False,False,?,False,False,0,淘汰
300697,电工合金,63.51,15356.0,False,False,?,False,False,0,淘汰
301252,同星科技,61.77,15422.0,False,False,?,False,?,0,淘汰
688326,经纬恒润-W,73.9,12508.0,False,False,?,?,?,0,淘汰
002038,双鹭药业,60.41,12540.0,False,False,?,?,?,0,淘汰
605319,无锡振华,91.83,12583.0,False,False,?,False,?,0,淘汰
688068,热景生物,87.47,12613.0,False,False,?,?,?,0,淘汰
300137,先河环保,59.88,12642.0,False,False,?,?,?,0,淘汰
600829,人民同泰,58.45,15041.0,False,False,?,False,False,0,淘汰
600268,国电南自,107.45,15085.0,False,False,?,False,?,0,淘汰
603390,通达电气,39.07,15149.0,False,False,?,False,?,0,淘汰
603660,苏州科达,58.18,15185.0,False,False,?,?,?,0,淘汰
301590,优优绿能,44.16,15974.0,False,False,?,?,?,0,淘汰
301172,君逸数码,40.15,12352.0,False,False,?,False,?,0,淘汰
600740,山西焦化,99.41,12361.0,False,False,?,?,?,0,淘汰
603226,菲林格尔,122.57,12386.0,False,False,?,?,?,0,淘汰
300200,高盟新材,37.37,12420.0,False,False,?,False,?,0,淘汰
688609,九联科技,45.98,12452.0,False,False,?,False,?,0,淘汰
300550,和仁科技,36.05,12464.0,False,False,?,?,False,0,淘汰
002575,群兴玩具,33.91,15426.0,False,False,?,?,False,0,淘汰
300162,雷曼光电,31.71,15526.0,False,False,?,?,?,0,淘汰
300461,田中精机,47.78,15537.0,False,False,?,?,?,0,淘汰
002730,电光科技,82.66,15552.0,False,False,?,False,False,0,淘汰
300292,吴通控股,57.43,15571.0,False,False,?,False,False,0,淘汰
002123,梦网科技,66.37,15616.0,False,False,?,?,?,0,淘汰
603007,顺景科技,45.46,15617.0,False,False,?,False,?,0,淘汰
301111,粤万年青,36.03,15631.0,False,False,?,False,?,0,淘汰
000829,天音控股,92.26,15673.0,False,False,?,False,?,0,淘汰
300429,强力新材,60.55,16462.0,False,False,?,?,?,0,淘汰
603458,勘设股份,30.52,16527.0,False,False,?,?,False,0,淘汰
300036,超图软件,52.23,12251.0,False,False,?,?,?,0,淘汰
300690,双一科技,38.94,12313.0,False,False,?,False,?,0,淘汰
603108,润达医疗,59.67,15988.0,False,False,?,?,False,0,淘汰
002702,海欣食品,31.18,16022.0,False,False,?,?,?,0,淘汰
002985,北摩高科,91.96,16095.0,False,False,?,False,?,0,淘汰
002838,道恩股份,118.36,16139.0,False,False,?,False,?,0,淘汰
601860,紫金银行,96.65,16144.0,?,False,?,False,?,0,淘汰
300157,新锦动力,30.92,16149.0,False,False,?,?,False,0,淘汰
002474,榕基软件,40.82,16175.0,False,False,?,?,False,0,淘汰
300428,立中集团,137.46,16184.0,False,False,?,False,?,0,淘汰
002995,天地在线,32.33,15683.0,False,False,?,?,?,0,淘汰
603333,福华尚纬,73.92,15719.0,False,False,?,False,False,0,淘汰
300299,富春股份,39.21,15725.0,False,False,?,False,False,0,淘汰
688478,晶升股份,57.49,15957.0,False,False,?,?,?,0,淘汰
300600,国瑞科技,32.37,16956.0,False,False,?,?,?,0,淘汰
002578,闽发铝业,39.23,12093.0,False,False,?,?,False,0,淘汰
603217,元利科技,60.35,12110.0,False,False,?,False,?,0,淘汰
301315,威士顿,36.1,12123.0,False,False,?,False,False,0,淘汰
002628,成都路桥,39.22,12132.0,False,False,?,?,False,0,淘汰
301397,溯联股份,49.57,12133.0,False,False,?,False,?,0,淘汰
300905,宝丽迪,63.34,12158.0,False,False,?,False,False,0,淘汰
688230,芯导科技,70.27,12193.0,False,False,?,False,?,0,淘汰
002467,二六三,65.74,16574.0,False,False,?,?,?,0,淘汰
301225,恒勃股份,78.56,16597.0,False,False,?,False,?,0,淘汰
603960,克来机电,42.84,16611.0,False,False,?,?,?,0,淘汰
000727,冠捷科技,102.37,16616.0,False,False,?,?,False,0,淘汰
600866,星湖科技,72.77,16686.0,False,False,?,False,?,0,淘汰
002026,山东威达,50.4,16286.0,False,False,?,False,?,0,淘汰
300416,苏试试验,72.11,16338.0,False,False,?,False,?,0,淘汰
300078,思创智联,31.52,16418.0,False,False,?,?,?,0,淘汰
002534,西子洁能,136.26,17116.0,False,False,?,?,False,0,淘汰
603777,来伊份,46.99,11959.0,False,False,?,?,False,0,淘汰
301238,瑞泰新材,115.13,11982.0,False,False,?,False,?,0,淘汰
688590,新致软件,39.17,11983.0,False,False,?,?,?,0,淘汰
300722,新余国科,62.19,11990.0,False,False,?,False,?,0,淘汰
300310,宜通世纪,39.32,12025.0,False,False,?,?,?,0,淘汰
600712,南宁百货,31.43,12061.0,False,False,?,False,?,0,淘汰
600130,波导股份,34.27,12063.0,False,False,?,False,False,0,淘汰
688155,先惠技术,64.58,12065.0,False,False,?,False,?,0,淘汰
002531,天顺风能,111.41,16762.0,False,False,?,False,?,0,淘汰
600775,南京熊猫,90.29,16774.0,False,False,?,?,False,0,淘汰
688371,菲沃泰,82.83,16783.0,False,False,?,?,?,0,淘汰
000758,中色股份,122.97,16813.0,False,False,?,False,?,0,淘汰
300925,法本信息,64.13,16839.0,False,False,?,False,?,0,淘汰
003009,中天火箭,77.65,16919.0,False,False,?,False,?,0,淘汰
600481,双良节能,86.9,16947.0,False,False,?,?,?,0,淘汰
300197,节能铁汉,59.31,17289.0,False,False,?,?,?,0,淘汰
688112,鼎阳科技,103.12,17291.0,False,False,?,False,?,0,淘汰
002544,普天科技,108.61,17367.0,False,False,?,?,False,0,淘汰
688669,聚石化学,84.91,17371.0,False,False,?,?,?,0,淘汰
600719,大连热电,30.14,11811.0,False,False,?,False,?,0,淘汰
300414,中光防雷,36.29,11833.0,False,False,?,False,?,0,淘汰
688011,新光光电,77.39,11844.0,False,False,?,?,False,0,淘汰
301677,欣兴工具,53.01,11863.0,False,False,?,False,?,0,淘汰
300072,海新能科,85.06,11867.0,False,False,?,?,?,0,淘汰
688179,阿拉丁,67.62,11896.0,False,False,?,False,False,0,淘汰
600502,安徽建工,76.56,11903.0,False,False,?,False,False,0,淘汰
300006,莱美药业,56.7,17031.0,False,False,?,?,?,0,淘汰
002029,七 匹 狼,63.38,17076.0,False,False,?,?,False,0,淘汰
300580,贝斯特,95.19,17092.0,False,False,?,False,?,0,淘汰
600604,市北高新,91.04,17093.0,False,False,?,?,False,0,淘汰
600877,电科芯片,142.32,17107.0,False,False,?,?,?,0,淘汰
688062,迈威生物-U,122.49,17498.0,False,False,?,?,?,0,淘汰
300057,万顺新材,64.33,17504.0,False,False,?,False,?,0,淘汰
688088,虹软科技,121.07,17533.0,False,False,?,False,False,0,淘汰
301031,中熔电气,138.5,17541.0,False,False,?,False,?,0,淘汰
300941,创识科技,33.29,17570.0,False,False,?,?,?,0,淘汰
002953,日丰股份,51.62,17596.0,False,False,?,False,?,0,淘汰
300696,爱乐达,64.23,17612.0,False,False,?,?,?,0,淘汰
300435,中泰股份,65.22,17634.0,False,False,?,False,?,0,淘汰
688410,山外山,44.74,11596.0,False,False,?,False,?,0,淘汰
001914,招商积余,96.73,11604.0,False,False,?,False,False,0,淘汰
301180,万祥科技,48.52,11617.0,False,False,?,?,False,0,淘汰
002086,东方海洋,41.53,11671.0,False,False,?,?,False,0,淘汰
000810,创维数字,112.14,11735.0,False,False,?,False,False,0,淘汰
603803,瑞斯康达,45.89,17230.0,False,False,?,?,?,0,淘汰
688698,伟创电气,88.21,17239.0,False,False,?,False,False,0,淘汰
300777,中简科技,99.51,17244.0,False,False,?,?,?,0,淘汰
600791,京能置业,32.97,18149.0,False,False,?,?,False,0,淘汰
002137,实益达,44.41,11478.0,False,False,?,False,?,0,淘汰
603969,银龙股份,68.85,11490.0,False,False,?,False,?,0,淘汰
002373,千方科技,122.46,11494.0,False,False,?,?,?,0,淘汰
603100,川仪股份,97.04,11508.0,False,False,?,False,False,0,淘汰
301169,零点有数,39.18,11532.0,False,False,?,?,?,0,淘汰
000691,亚太实业,48.73,11537.0,False,False,?,?,?,0,淘汰
000503,国新健康,68.84,11544.0,False,False,?,?,False,0,淘汰
301257,普蕊斯,30.34,17699.0,False,False,?,False,?,0,淘汰
301176,逸豪新材,72.19,17709.0,False,False,?,False,?,0,淘汰
600736,苏州高新,77.37,17776.0,False,False,?,False,False,0,淘汰
688382,益方生物-U,112.96,17843.0,False,False,?,?,?,0,淘汰
300093,金刚光伏,129.34,17861.0,False,False,?,?,?,0,淘汰
300426,华智数媒,32.25,17870.0,False,False,?,False,False,0,淘汰
000031,大悦城,98.59,17968.0,False,False,?,?,False,0,淘汰
300855,图南股份,141.48,17973.0,False,False,?,False,?,0,淘汰
603232,格尔软件,37.07,18244.0,False,False,?,?,?,0,淘汰
688798,艾为电子,148.22,18276.0,False,False,?,False,?,0,淘汰
300689,澄天伟业,64.04,18279.0,False,False,?,False,?,0,淘汰
300632,光莆股份,52.34,18326.0,False,False,?,?,?,0,淘汰
000948,南天信息,56.49,18334.0,False,False,?,False,False,0,淘汰
688419,耐科装备,53.95,18337.0,False,False,?,False,?,0,淘汰
002187,广百股份,40.3,11360.0,False,False,?,False,False,0,淘汰
002788,鹭燕医药,42.58,11381.0,False,False,?,False,False,0,淘汰
002346,柘中股份,82.27,11383.0,False,False,?,False,?,0,淘汰
002127,南极电商,73.16,11427.0,False,False,?,False,?,0,淘汰
688117,圣诺生物,51.98,11446.0,False,False,?,False,?,0,淘汰
600178,东安动力,47.11,11460.0,False,False,?,?,?,0,淘汰
002366,融发核电,121.53,17985.0,False,False,?,?,?,0,淘汰
601133,柏诚股份,122.49,18017.0,False,False,?,False,?,0,淘汰
603383,顶点软件,60.07,18076.0,False,False,?,False,?,0,淘汰
300062,中能电气,40.25,18104.0,False,False,?,?,?,0,淘汰
300654,世纪天鸿,37.42,18945.0,False,False,?,?,False,0,淘汰
603997,继峰股份,145.42,18965.0,False,False,?,False,?,0,淘汰
301313,凡拓数创,33.25,18970.0,False,False,?,?,?,0,淘汰
600649,城投控股,101.17,19065.0,False,False,?,?,False,0,淘汰
300286,安科瑞,49.83,11191.0,False,False,?,False,?,0,淘汰
300633,开立医疗,85.82,11241.0,False,False,?,False,?,0,淘汰
002572,索菲亚,76.75,11252.0,False,False,?,False,False,0,淘汰
600996,贵广网络,88.27,11280.0,False,False,?,?,?,0,淘汰
603125,常青科技,92.3,11298.0,False,False,?,False,?,0,淘汰
300603,立昂技术,37.97,11332.0,False,False,?,?,?,0,淘汰
603567,珍宝岛,51.9,11343.0,False,False,?,?,False,0,淘汰
002380,科远智慧,70.01,18606.0,False,False,?,False,?,0,淘汰
601011,宝泰隆,55.55,18645.0,False,False,?,?,?,0,淘汰
603391,力聚热能,64.14,18727.0,False,False,?,False,?,0,淘汰
001298,好上好,77.85,18807.0,False,False,?,False,?,0,淘汰
600616,金枫酒业,30.91,18867.0,False,False,?,?,False,0,淘汰
300910,瑞丰新材,112.96,19164.0,False,False,?,False,?,0,淘汰
301633,港迪技术,36.89,19179.0,False,False,?,?,False,0,淘汰
300345,华民股份,43.37,19218.0,False,False,?,?,?,0,淘汰
603612,索通发展,84.53,19242.0,False,False,?,False,?,0,淘汰
300440,运达科技,86.88,19245.0,False,False,?,?,False,0,淘汰
002961,瑞达期货,97.06,19310.0,?,False,?,False,?,0,淘汰
000736,中交发展,35.19,19312.0,False,False,?,False,False,0,淘汰
688806,泰诺麦博-U,106.11,19329.0,False,False,?,?,?,0,淘汰
300758,七彩化学,45.46,11049.0,False,False,?,False,?,0,淘汰
688125,安达智能,96.73,11094.0,False,False,?,?,?,0,淘汰
688045,必易微,39.01,11102.0,False,False,?,False,?,0,淘汰
688309,恒誉科技,63.27,11107.0,False,False,?,False,False,0,淘汰
603069,海汽集团,43.86,11135.0,False,False,?,?,False,0,淘汰
301058,中粮科工,46.66,11167.0,False,False,?,False,?,0,淘汰
600400,红豆股份,65.53,11172.0,False,False,?,?,?,0,淘汰
001210,金房能源,61.78,18874.0,False,False,?,False,?,0,淘汰
300839,博汇股份,36.42,19492.0,False,False,?,False,?,0,淘汰
300938,信测标准,89.1,19498.0,False,False,?,False,?,0,淘汰
002350,北京科锐,79.07,19546.0,False,False,?,?,False,0,淘汰
603713,密尔克卫,110.16,19550.0,False,False,?,False,False,0,淘汰
000572,海马汽车,64.31,19557.0,False,False,?,?,False,0,淘汰
300358,楚天科技,60.43,19617.0,False,False,?,False,?,0,淘汰
605398,新炬网络,43.38,10942.0,False,False,?,?,?,0,淘汰
688591,泰凌微,69.18,10954.0,False,False,?,False,?,0,淘汰
300494,盛天网络,41.84,10976.0,False,False,?,?,?,0,淘汰
301328,维峰电子,81.76,10985.0,False,False,?,False,?,0,淘汰
001236,弘业期货,82.13,10989.0,?,False,?,False,?,0,淘汰
688084,晶品特装,36.1,10993.0,False,False,?,?,?,0,淘汰
300105,龙源技术,38.48,11007.0,False,False,?,False,?,0,淘汰
688786,悦安新材,43.49,11018.0,False,False,?,False,False,0,淘汰
002448,中原内配,68.61,19153.0,False,False,?,False,?,0,淘汰
688691,灿芯股份,73.44,19157.0,False,False,?,?,?,0,淘汰
300518,新迅达,49.12,19881.0,False,False,?,?,?,0,淘汰
002678,珠江钢琴,64.25,19891.0,False,False,?,?,False,0,淘汰
002182,宝武镁业,119.01,19947.0,False,False,?,?,False,0,淘汰
002584,西陇科学,46.82,19982.0,False,False,?,False,?,0,淘汰
300248,新开普,42.4,10773.0,False,False,?,?,?,0,淘汰
688721,龙图光罩,49.84,10789.0,False,False,?,False,?,0,淘汰
688191,智洋创新,65.53,10813.0,False,False,?,?,?,0,淘汰
301042,安联锐视,30.41,10821.0,False,False,?,False,?,0,淘汰
000554,泰山石油,31.08,10833.0,False,False,?,False,?,0,淘汰
688696,极米科技,58.76,10858.0,False,False,?,False,?,0,淘汰
301133,金钟股份,39.36,10860.0,False,False,?,?,?,0,淘汰
300018,中元股份,58.35,10871.0,False,False,?,False,?,0,淘汰
300351,永贵电器,57.05,19352.0,False,False,?,?,False,0,淘汰
688620,安凯微,60.25,19361.0,False,False,?,False,False,0,淘汰
300588,熙菱信息,48.52,19419.0,False,False,?,?,?,0,淘汰
301248,杰创智能,86.07,19438.0,False,False,?,?,?,0,淘汰
300154,瑞凌股份,55.79,20206.0,False,False,?,False,?,0,淘汰
301413,安培龙,78.7,20229.0,False,False,?,False,?,0,淘汰
002478,常宝股份,63.15,20270.0,False,False,?,False,?,0,淘汰
300120,经纬辉开,42.28,20318.0,False,False,?,?,?,0,淘汰
002765,蓝黛科技,46.63,10654.0,False,False,?,?,?,0,淘汰
001201,东瑞股份,33.1,10667.0,False,False,?,?,?,0,淘汰
000697,炼石航空,128.02,10677.0,False,False,?,?,False,0,淘汰
300467,迅游科技,71.24,10705.0,False,False,?,False,?,0,淘汰
301190,善水科技,39.26,10731.0,False,False,?,False,?,0,淘汰
000795,英洛华,94.55,10738.0,False,False,?,False,?,0,淘汰
300504,天邑股份,46.64,10740.0,False,False,?,False,?,0,淘汰
600973,宝胜股份,83.24,10747.0,False,False,?,False,False,0,淘汰
301153,中科江南,65.94,19662.0,False,False,?,?,?,0,淘汰
600622,光大嘉宝,36.89,19679.0,False,False,?,?,False,0,淘汰
000530,冰山冷热,45.03,19785.0,False,False,?,False,?,0,淘汰
000930,中粮科技,95.61,19801.0,False,False,?,?,False,0,淘汰
301510,固高科技,109.64,20892.0,False,False,?,False,?,0,淘汰
000695,滨海能源,33.58,10464.0,False,False,?,?,?,0,淘汰
600336,澳柯玛,52.83,10515.0,False,False,?,?,False,0,淘汰
002427,尤夫股份,48.48,10553.0,False,False,?,False,?,0,淘汰
002121,科陆电子,82.29,10572.0,False,False,?,?,?,0,淘汰
000950,重药控股,91.12,10591.0,False,False,?,False,?,0,淘汰
000571,新大洲A,49.84,10623.0,False,False,?,?,False,0,淘汰
603185,弘元绿能,100.96,10646.0,False,False,?,?,False,0,淘汰
002072,凯瑞德,32.72,20369.0,False,False,?,?,?,0,淘汰
300601,康泰生物,140.51,20460.0,False,False,?,False,False,0,淘汰
600520,三佳科技,38.74,20508.0,False,False,?,False,?,0,淘汰
688286,敏芯股份,36.02,20534.0,False,False,?,?,?,0,淘汰
688049,炬芯科技,73.73,20642.0,False,False,?,False,False,0,淘汰
600468,百利电气,68.53,20032.0,False,False,?,False,?,0,淘汰
002045,国光电器,51.41,20127.0,False,False,?,?,False,0,淘汰
600379,宝光股份,47.32,20187.0,False,False,?,False,?,0,淘汰
603698,航天工程,116.1,21047.0,False,False,?,False,?,0,淘汰
000801,四川九洲,128.87,21050.0,False,False,?,False,?,0,淘汰
600151,航天机电,141.13,21059.0,False,False,?,?,?,0,淘汰
002993,奥海科技,101.2,21171.0,False,False,?,False,?,0,淘汰
300682,朗新科技,101.46,21172.0,False,False,?,?,?,0,淘汰
002388,新亚制程,31.35,21173.0,False,False,?,?,?,0,淘汰
301531,春光集团,101.82,10304.0,False,False,?,False,?,0,淘汰
600571,信雅达,51.43,10337.0,False,False,?,?,?,0,淘汰
603956,威派格,34.71,10405.0,False,False,?,?,?,0,淘汰
603151,邦基科技,31.05,10431.0,False,False,?,?,?,0,淘汰
688588,凌志软件,37.91,10444.0,False,False,?,?,?,0,淘汰
688228,开普云,55.39,20688.0,False,False,?,?,?,0,淘汰
600266,城建发展,89.26,20730.0,False,False,?,?,False,0,淘汰
000558,天府文旅,50.28,20769.0,False,False,?,?,False,0,淘汰
301379,天山电子,55.66,20798.0,False,False,?,False,?,0,淘汰
002425,凯撒文化,32.62,20809.0,False,False,?,False,False,0,淘汰
000798,中水渔业,37.1,21891.0,False,False,?,False,?,0,淘汰
000852,石化机械,53.33,21916.0,False,False,?,?,?,0,淘汰
603052,可川科技,103.49,22003.0,False,False,?,?,?,0,淘汰
000923,河钢资源,106.46,22015.0,False,False,?,?,?,0,淘汰
301655,绿控传动,108.34,22045.0,False,False,?,False,?,0,淘汰
300805,电声股份,36.33,10148.0,False,False,?,False,?,0,淘汰
605208,永茂泰,48.57,10180.0,False,False,?,False,?,0,淘汰
300933,中辰股份,36.49,10242.0,False,False,?,False,?,0,淘汰
688408,中信博,52.27,10266.0,False,False,?,?,?,0,淘汰
301371,敷尔佳,112.76,10277.0,False,False,?,False,?,0,淘汰
300159,新研股份,100.69,10297.0,False,False,?,False,?,0,淘汰
600446,金证股份,105.23,21234.0,False,False,?,False,False,0,淘汰
600389,江山股份,80.57,21235.0,False,False,?,False,?,0,淘汰
002368,太极股份,88.5,21245.0,False,False,?,?,?,0,淘汰
688359,三孚新科,89.23,21667.0,False,False,?,False,?,0,淘汰
002735,王子新材,44.69,20990.0,False,False,?,False,False,0,淘汰
002235,安妮股份,50.65,22363.0,False,False,?,False,False,0,淘汰
605288,凯迪股份,64.87,22469.0,False,False,?,?,?,0,淘汰
603703,盛洋科技,42.37,10022.0,False,False,?,?,False,0,淘汰
605189,富春染织,32.97,10029.0,False,False,?,False,?,0,淘汰
002369,卓翼科技,35.04,10046.0,False,False,?,?,?,0,淘汰
300541,先进数通,43.61,10059.0,False,False,?,?,?,0,淘汰
002758,浙农股份,46.07,10062.0,False,False,?,False,?,0,淘汰
603519,立霸股份,41.55,10062.0,False,False,?,False,?,0,淘汰
603211,晋拓股份,56.48,10077.0,False,False,?,False,?,0,淘汰
301589,诺瓦星云,133.13,10080.0,False,False,?,False,?,0,淘汰
600728,佳都科技,101.09,10084.0,False,False,?,False,?,0,淘汰
002976,瑞玛精密,46.01,10113.0,False,False,?,?,?,0,淘汰
000713,国投丰乐,52.28,21739.0,False,False,?,?,?,0,淘汰
300579,数字认证,64.8,21788.0,False,False,?,?,?,0,淘汰
688107,安路科技,119.01,21806.0,False,False,?,?,?,0,淘汰
000567,海德股份,131.35,21845.0,False,False,?,False,False,0,淘汰
300399,天利科技,40.47,22978.0,False,False,?,False,False,0,淘汰
688253,英诺特,78.2,9884.0,False,False,?,False,?,0,淘汰
002216,三全食品,105.06,9913.0,False,False,?,False,?,0,淘汰
300424,航新科技,35.57,9914.0,False,False,?,?,?,0,淘汰
300756,金马游乐,66.85,9919.0,False,False,?,False,?,0,淘汰
603861,白云电器,63.19,9933.0,False,False,?,False,?,0,淘汰
603279,景津装备,65.48,9959.0,False,False,?,False,?,0,淘汰
600129,太极集团,76.1,9959.0,False,False,?,False,False,0,淘汰
001285,瑞立科密,80.16,9962.0,False,False,?,False,False,0,淘汰
301162,国能日新,70.21,9965.0,False,False,?,False,?,0,淘汰
002900,哈三联,38.72,9973.0,False,False,?,?,?,0,淘汰
000656,金科股份,132.36,22122.0,False,False,?,False,?,0,淘汰
688512,慧智微-U,63.32,22125.0,False,False,?,?,?,0,淘汰
301487,盟固利,72.21,22187.0,False,False,?,False,False,0,淘汰
601222,林洋能源,121.04,22294.0,False,False,?,False,?,0,淘汰
600545,卓郎智能,72.77,22312.0,False,False,?,?,?,0,淘汰
002638,勤上股份,61.92,23611.0,False,False,?,?,?,0,淘汰
603106,恒银科技,42.06,23694.0,False,False,?,False,?,0,淘汰
603323,苏农银行,100.58,23711.0,?,False,?,False,?,0,淘汰
301678,新恒汇,105.76,9789.0,False,False,?,False,?,0,淘汰
300246,宝莱特,39.67,9803.0,False,False,?,?,False,0,淘汰
603701,德宏股份,53.32,9821.0,False,False,?,False,False,0,淘汰
600212,绿能慧充,44.85,9831.0,False,False,?,?,False,0,淘汰
301398,星源卓镁,39.98,9856.0,False,False,?,?,?,0,淘汰
601599,浙文影业,38.3,9881.0,False,False,?,False,?,0,淘汰
000555,神州信息,108.31,22529.0,False,False,?,?,?,0,淘汰
300265,通光线缆,63.13,22550.0,False,False,?,?,?,0,淘汰
688168,安博通,40.58,22558.0,False,False,?,?,False,0,淘汰
688231,隆达股份,108.66,22619.0,False,False,?,False,?,0,淘汰
688319,欧林生物,114.45,22682.0,False,False,?,?,?,0,淘汰
300708,聚灿光电,80.56,22734.0,False,False,?,False,?,0,淘汰
300007,汉威科技,100.0,22736.0,False,False,?,False,False,0,淘汰
300741,华宝股份,103.96,23869.0,False,False,?,False,?,0,淘汰
300221,银禧科技,62.49,23891.0,False,False,?,False,?,0,淘汰
300863,卡倍亿,105.87,23941.0,False,False,?,False,False,0,淘汰
688717,艾罗能源,72.8,23971.0,False,False,?,?,?,0,淘汰
300409,道氏技术,135.09,24012.0,False,False,?,False,?,0,淘汰
688610,埃科光电,101.63,24039.0,False,False,?,False,?,0,淘汰
001212,中旗新材,67.34,9638.0,False,False,?,?,?,0,淘汰
600743,华远控股,49.97,9666.0,False,?,?,?,False,0,淘汰
603406,天富龙,117.8,9698.0,False,False,?,False,?,0,淘汰
001388,信通电子,49.14,9728.0,False,False,?,False,?,0,淘汰
300021,大禹节水,41.81,9744.0,False,False,?,?,?,0,淘汰
300989,蕾奥规划,30.95,9747.0,False,False,?,?,False,0,淘汰
688215,瑞晟智能,42.47,9774.0,False,False,?,False,False,0,淘汰
300353,东土科技,100.66,23038.0,False,False,?,?,False,0,淘汰
000901,航天科技,113.74,23488.0,False,False,?,False,?,0,淘汰
000518,四环生物,40.15,23509.0,False,False,?,?,False,0,淘汰
002079,苏州固锝,80.86,24151.0,False,False,?,False,False,0,淘汰
300226,上海钢联,65.75,24205.0,False,False,?,False,?,0,淘汰
002278,神开股份,32.41,24215.0,False,False,?,False,?,0,淘汰
603800,洪田股份,116.79,24252.0,False,False,?,?,False,0,淘汰
000839,国安股份,107.8,24287.0,False,False,?,?,False,0,淘汰
300067,安诺其,64.41,24354.0,False,False,?,False,?,0,淘汰
688023,安恒信息,44.01,24399.0,False,False,?,?,?,0,淘汰
600783,鲁信创投,115.75,24420.0,False,False,?,False,?,0,淘汰
605303,园林股份,39.92,9559.0,False,False,?,?,False,0,淘汰
601121,宝地矿业,71.26,9563.0,False,False,?,False,False,0,淘汰
600963,岳阳林纸,60.28,9571.0,False,False,?,?,False,0,淘汰
001268,联合精密,37.31,9577.0,False,False,?,?,?,0,淘汰
688069,德林海,60.18,9596.0,False,False,?,?,?,0,淘汰
301322,绿通科技,56.28,9605.0,False,False,?,?,?,0,淘汰
000514,渝 开 发,35.94,9613.0,False,False,?,?,False,0,淘汰
600758,辽宁能源,48.52,23768.0,False,False,?,?,False,0,淘汰
600088,中视传媒,49.71,25420.0,False,False,?,?,False,0,淘汰
300939,秋田微,78.07,25470.0,False,False,?,False,?,0,淘汰
688225,亚信安全,53.44,25564.0,False,False,?,?,False,0,淘汰
000517,荣安地产,69.73,9467.0,False,False,?,?,False,0,淘汰
300847,中船汉光,42.57,9478.0,False,False,?,False,?,0,淘汰
688212,澳华内镜,41.56,9481.0,False,False,?,?,?,0,淘汰
600880,博瑞传播,44.94,9494.0,False,False,?,?,False,0,淘汰
300271,华宇软件,47.41,9512.0,False,False,?,?,?,0,淘汰
300056,中创环保,33.38,9556.0,False,False,?,?,False,0,淘汰
002647,仁东控股,129.42,24668.0,False,False,?,False,?,0,淘汰
300913,兆龙互连,119.39,24870.0,False,False,?,False,?,0,淘汰
300311,任子行,37.59,24963.0,False,False,?,?,?,0,淘汰
300243,瑞丰高材,42.94,24980.0,False,False,?,False,?,0,淘汰
603983,丸美生物,133.45,24984.0,False,False,?,False,?,0,淘汰
002879,长缆科技,32.52,24074.0,False,False,?,False,False,0,淘汰
300662,科锐国际,44.18,24110.0,False,False,?,False,?,0,淘汰
688275,万润新能,90.28,25670.0,False,False,?,False,?,0,淘汰
688046,药康生物,125.97,25736.0,False,False,?,False,?,0,淘汰
002213,大为股份,67.01,25907.0,False,False,?,False,?,0,淘汰
688621,阳光诺和,79.13,26006.0,False,False,?,?,?,0,淘汰
000917,电广传媒,102.63,26108.0,False,False,?,?,?,0,淘汰
600559,老白干酒,106.93,26144.0,False,False,?,False,?,0,淘汰
002931,锋龙股份,95.44,26256.0,False,False,?,?,?,0,淘汰
300427,红相股份,34.99,26258.0,False,False,?,?,False,0,淘汰
301667,纳百川,65.68,9312.0,False,False,?,?,False,0,淘汰
300878,维康药业,48.55,9345.0,False,False,?,?,False,0,淘汰
301209,联合化学,90.16,9404.0,False,False,?,False,?,0,淘汰
003030,祖名股份,30.87,9461.0,False,False,?,?,?,0,淘汰
002791,坚朗五金,53.22,9462.0,False,False,?,?,?,0,淘汰
603716,塞力医疗,39.13,25189.0,False,False,?,?,?,0,淘汰
603112,华翔股份,88.61,25330.0,False,False,?,False,?,0,淘汰
300520,科大国创,70.2,25402.0,False,False,?,?,?,0,淘汰
301136,招标股份,35.36,26344.0,False,False,?,False,?,0,淘汰
000859,国风新材,80.19,26372.0,False,False,?,?,?,0,淘汰
000048,京基智农,118.29,26453.0,False,False,?,?,False,0,淘汰
688353,华盛锂电,130.53,26522.0,False,False,?,False,?,0,淘汰
600255,鑫科材料,61.41,26545.0,False,False,?,False,?,0,淘汰
300227,光韵达,79.53,26655.0,False,False,?,False,?,0,淘汰
603327,福蓉科技,96.08,26666.0,False,False,?,False,?,0,淘汰
000509,华塑控股,37.88,9156.0,False,False,?,?,?,0,淘汰
002358,森源电气,50.02,9176.0,False,False,?,False,?,0,淘汰
301479,弘景光电,59.46,9206.0,False,False,?,False,?,0,淘汰
301149,隆华新材,47.74,9211.0,False,False,?,False,False,0,淘汰
300656,民德电子,42.56,9212.0,False,False,?,?,?,0,淘汰
688289,圣湘生物,91.88,9227.0,False,False,?,False,?,0,淘汰
603121,华培动力,45.19,9254.0,False,False,?,?,?,0,淘汰
001382,新亚电缆,70.99,9256.0,False,False,?,False,?,0,淘汰
688648,中邮科技,45.46,9270.0,False,False,?,?,?,0,淘汰
000566,海南海药,63.31,27036.0,False,False,?,?,False,0,淘汰
603867,新化股份,63.25,27087.0,False,False,?,False,?,0,淘汰
600539,狮头股份,32.38,27098.0,False,False,?,False,?,0,淘汰
603267,鸿远电子,109.76,27150.0,False,False,?,False,False,0,淘汰
002194,武汉凡谷,68.06,27162.0,False,False,?,False,False,0,淘汰
688601,力芯微,80.9,27201.0,False,False,?,?,?,0,淘汰
300931,通用电梯,36.69,9037.0,False,False,?,?,?,0,淘汰
002189,中光学,51.82,9044.0,False,False,?,?,?,0,淘汰
688050,爱博医疗,76.08,9089.0,False,False,?,False,?,0,淘汰
002434,万里扬,76.39,9106.0,False,False,?,False,?,0,淘汰
600782,新钢股份,89.15,9115.0,False,False,?,?,?,0,淘汰
300648,星云股份,69.56,9133.0,False,False,?,False,?,0,淘汰
603977,国泰集团,73.31,9137.0,False,False,?,False,False,0,淘汰
300134,大富科技,66.08,9140.0,False,False,?,?,False,0,淘汰
688345,博力威,53.6,9153.0,False,False,?,False,?,0,淘汰
603286,日盈电子,50.8,26321.0,False,False,?,?,?,0,淘汰
002963,豪尔赛,30.28,27649.0,False,False,?,?,?,0,淘汰
603322,超讯科技,42.8,27696.0,False,False,?,False,?,0,淘汰
688137,近岸蛋白,43.45,27890.0,False,False,?,?,?,0,淘汰
600815,厦工股份,72.03,27908.0,False,False,?,?,False,0,淘汰
603169,兰石重装,86.35,8898.0,False,False,?,?,False,0,淘汰
600798,宁波海运,40.66,8899.0,False,False,?,?,False,0,淘汰
605007,五洲特纸,70.46,8906.0,False,False,?,False,?,0,淘汰
002099,海翔药业,87.57,8920.0,False,False,?,?,?,0,淘汰
603223,恒通股份,72.63,8942.0,False,False,?,False,False,0,淘汰
003041,真爱美家,56.88,8954.0,False,False,?,False,?,0,淘汰
002878,元隆雅图,34.24,8982.0,False,False,?,?,?,0,淘汰
000886,海南高速,47.27,8996.0,False,False,?,False,False,0,淘汰
002891,中宠股份,92.09,26854.0,False,False,?,False,?,0,淘汰
688150,莱特光电,148.14,26886.0,False,False,?,False,False,0,淘汰
300736,百邦科技,41.37,26989.0,False,False,?,?,?,0,淘汰
000670,盈方微,59.05,26999.0,False,False,?,?,?,0,淘汰
688379,华光新材,53.66,27960.0,False,False,?,False,?,0,淘汰
002190,成飞集成,92.44,28075.0,False,False,?,?,False,0,淘汰
002548,金新农,37.93,28283.0,False,False,?,?,False,0,淘汰
301580,爱迪特,78.82,28330.0,False,False,?,False,?,0,淘汰
002902,铭普光磁,58.07,28340.0,False,False,?,?,?,0,淘汰
300324,旋极信息,61.85,8785.0,False,False,?,?,?,0,淘汰
000848,承德露露,85.88,8800.0,False,False,?,False,?,0,淘汰
688583,思看科技,99.38,8836.0,False,False,?,False,?,0,淘汰
300591,万里马,30.26,8861.0,False,False,?,?,False,0,淘汰
002876,三利谱,51.64,8867.0,False,False,?,False,?,0,淘汰
002637,赞宇科技,58.24,27280.0,False,False,?,False,False,0,淘汰
603216,梦天家居,49.21,27358.0,False,False,?,False,?,0,淘汰
300303,聚飞光电,96.48,27425.0,False,False,?,False,?,0,淘汰
301027,华蓝集团,31.31,27427.0,False,False,?,?,False,0,淘汰
300706,阿石创,72.04,27498.0,False,False,?,False,False,0,淘汰
688787,海天瑞声,56.3,27564.0,False,False,?,False,?,0,淘汰
000011,深物业A,50.66,28564.0,False,False,?,?,False,0,淘汰
000626,远大控股,47.98,28619.0,False,False,?,False,False,0,淘汰
603161,科华控股,38.67,28646.0,False,False,?,?,?,0,淘汰
300816,艾可蓝,51.2,28647.0,False,False,?,False,?,0,淘汰
000925,众合科技,57.69,28691.0,False,False,?,?,?,0,淘汰
300545,联得装备,52.04,29032.0,False,False,?,False,?,0,淘汰
688238,和元生物,42.12,8592.0,False,False,?,?,?,0,淘汰
301081,严牌股份,37.21,8598.0,False,False,?,False,?,0,淘汰
301323,新莱福,71.82,8604.0,False,False,?,False,?,0,淘汰
600252,中恒集团,70.69,8609.0,False,False,?,?,False,0,淘汰
605011,杭州热电,68.62,8610.0,False,False,?,False,?,0,淘汰
601996,丰林集团,31.61,8635.0,False,False,?,?,?,0,淘汰
301548,崇德科技,48.08,8651.0,False,False,?,False,?,0,淘汰
000037,深南电A,56.24,8664.0,False,False,?,False,?,0,淘汰
301311,昆船智能,33.7,8698.0,False,False,?,?,?,0,淘汰
002445,中南文化,75.58,27927.0,False,False,?,False,?,0,淘汰
002774,快意电梯,52.15,30546.0,False,False,?,False,False,0,淘汰
603887,城地香江,58.1,30576.0,False,False,?,?,?,0,淘汰
301259,艾布鲁,48.95,8526.0,False,False,?,?,?,0,淘汰
001206,依依股份,30.82,8537.0,False,False,?,False,?,0,淘汰
300858,科拓生物,39.08,8583.0,False,False,?,False,?,0,淘汰
300343,联创股份,59.94,8583.0,False,False,?,False,?,0,淘汰
300256,星星科技,64.42,8589.0,False,False,?,?,?,0,淘汰
300228,富瑞特装,41.34,8590.0,False,False,?,False,False,0,淘汰
002761,浙江建投,101.35,29128.0,False,False,?,False,False,0,淘汰
688484,南芯科技,148.86,29316.0,False,False,?,?,?,0,淘汰
000860,顺鑫农业,81.82,29336.0,False,False,?,False,False,0,淘汰
688605,先锋精科,141.77,29649.0,False,False,?,False,?,0,淘汰
600773,西藏城投,102.2,29746.0,False,False,?,?,False,0,淘汰
300052,中青宝,30.51,29796.0,False,False,?,?,?,0,淘汰
300204,舒泰神,113.36,29871.0,False,False,?,?,?,0,淘汰
300540,蜀道装备,60.93,28384.0,False,False,?,False,?,0,淘汰
301317,鑫磊股份,76.11,31292.0,False,False,?,?,?,0,淘汰
300355,蒙草生态,47.0,8401.0,False,False,?,?,?,0,淘汰
300683,海特生物,32.55,8421.0,False,False,?,?,?,0,淘汰
603727,博迈科,51.19,8451.0,False,False,?,?,?,0,淘汰
002370,亚太药业,40.19,8467.0,False,False,?,?,?,0,淘汰
002066,瑞泰科技,50.72,8477.0,False,False,?,?,?,0,淘汰
002905,金逸影视,31.84,8501.0,False,False,?,?,?,0,淘汰
301306,西测测试,83.2,29958.0,False,False,?,?,?,0,淘汰
300533,冰川网络,51.24,30106.0,False,False,?,?,False,0,淘汰
301099,雅创电子,91.14,30204.0,False,False,?,False,?,0,淘汰
601900,南方传媒,109.81,30338.0,False,False,?,False,False,0,淘汰
603599,广信股份,98.04,30347.0,False,False,?,False,?,0,淘汰
002309,中利集团,89.93,30354.0,False,False,?,False,False,0,淘汰
600556,天下秀,88.22,30363.0,False,False,?,?,?,0,淘汰
301265,华新科技,56.53,30446.0,False,False,?,False,?,0,淘汰
300775,三角防务,119.59,30509.0,False,False,?,False,?,0,淘汰
300042,朗科科技,75.05,31962.0,False,False,?,False,?,0,淘汰
603026,石大胜华,141.04,32007.0,False,False,?,False,?,0,淘汰
002321,华英农业,45.64,8229.0,False,False,?,?,False,0,淘汰
000777,中核科技,65.14,8247.0,False,False,?,False,?,0,淘汰
002224,三 力 士,34.46,8272.0,False,False,?,?,?,0,淘汰
002339,积成电子,38.06,8289.0,False,False,?,?,?,0,淘汰
300608,思特奇,35.12,8321.0,False,False,?,?,?,0,淘汰
603809,豪能股份,81.54,8358.0,False,False,?,False,?,0,淘汰
000753,漳州发展,51.36,30592.0,False,False,?,False,False,0,淘汰
001283,豪鹏科技,64.5,30643.0,False,False,?,False,?,0,淘汰
600916,中国黄金,135.58,30712.0,False,False,?,False,?,0,淘汰
002657,中科金财,56.16,30806.0,False,False,?,?,?,0,淘汰
301419,阿莱德,53.55,30898.0,False,False,?,False,False,0,淘汰
301316,慧博云通,146.91,31127.0,False,False,?,False,False,0,淘汰
601949,中国出版,111.0,31164.0,False,False,?,False,False,0,淘汰
601778,晶科科技,133.28,31220.0,False,False,?,?,False,0,淘汰
000970,中科三环,142.73,32931.0,False,False,?,False,False,0,淘汰
300842,帝科股份,89.77,32932.0,False,False,?,False,?,0,淘汰
600288,大恒科技,48.75,33012.0,False,False,?,False,False,0,淘汰
600654,中安科,92.76,33020.0,False,False,?,False,False,0,淘汰
300163,先锋新材,35.36,33026.0,False,False,?,?,?,0,淘汰
003029,吉大正元,34.08,8130.0,False,False,?,?,?,0,淘汰
601588,北辰实业,59.6,8143.0,False,False,?,?,False,0,淘汰
300611,美力科技,55.09,8146.0,False,False,?,False,False,0,淘汰
603131,上海沪工,49.02,8155.0,False,False,?,False,?,0,淘汰
600975,新五丰,69.86,32195.0,False,False,?,?,?,0,淘汰
600702,舍得酒业,118.42,32482.0,False,False,?,False,False,0,淘汰
300551,古鳌科技,42.03,32494.0,False,False,?,False,?,0,淘汰
600366,宁波韵升,123.64,32534.0,False,False,?,False,False,0,淘汰
600343,航天动力,116.41,32597.0,False,False,?,?,False,0,淘汰
301191,菲菱科思,80.51,32664.0,False,False,?,False,?,0,淘汰
301188,力诺药包,92.75,31436.0,False,False,?,False,?,0,淘汰
300469,信息发展,138.77,33959.0,False,False,?,?,?,0,淘汰
002687,乔治白,31.2,7992.0,False,False,?,False,False,0,淘汰
600681,百川能源,46.93,8016.0,False,False,?,False,False,0,淘汰
002564,天沃科技,42.34,8026.0,False,False,?,?,?,0,淘汰
002037,保利联合,34.79,8046.0,False,False,?,?,False,0,淘汰
300448,浩云科技,38.97,8084.0,False,False,?,?,False,0,淘汰
301273,瑞晨环保,36.7,8096.0,False,False,?,?,?,0,淘汰
603192,汇得科技,31.73,8098.0,False,False,?,False,?,0,淘汰
001369,双欣材料,143.38,8117.0,False,False,?,False,False,0,淘汰
603912,佳力图,49.62,32676.0,False,False,?,?,?,0,淘汰
300201,海伦哲,135.51,32715.0,False,False,?,False,?,0,淘汰
688658,悦康药业,60.93,32723.0,False,False,?,?,?,0,淘汰
688448,磁谷科技,67.29,32724.0,False,False,?,False,?,0,淘汰
000751,锌业股份,79.97,32742.0,False,False,?,False,?,0,淘汰
002606,大连电瓷,57.69,32848.0,False,False,?,False,?,0,淘汰
300875,捷强装备,34.63,32864.0,False,False,?,?,False,0,淘汰
301291,明阳电气,106.13,33972.0,False,False,?,False,?,0,淘汰
002438,江苏神通,73.75,34002.0,False,False,?,False,?,0,淘汰
300315,掌趣科技,111.01,34100.0,False,False,?,False,?,0,淘汰
002208,合肥城建,81.61,34198.0,False,False,?,?,False,0,淘汰
300249,依米康,61.61,34377.0,False,False,?,False,?,0,淘汰
002073,软控股份,59.93,7894.0,False,False,?,False,?,0,淘汰
301227,森鹰窗业,44.55,7931.0,False,False,?,?,False,0,淘汰
300948,冠中生态,34.55,7940.0,False,False,?,?,?,0,淘汰
003013,地铁设计,74.94,7949.0,False,False,?,False,?,0,淘汰
001223,欧克科技,50.49,7962.0,False,False,?,False,False,0,淘汰
002766,索菱股份,37.15,33339.0,False,False,?,?,?,0,淘汰
300480,光力科技,103.92,33371.0,False,False,?,False,False,0,淘汰
300781,因赛集团,47.64,33438.0,False,False,?,False,False,0,淘汰
300291,百纳千成,50.77,33507.0,False,False,?,?,?,0,淘汰
300004,南风股份,41.81,33664.0,False,False,?,?,?,0,淘汰
688416,恒烁股份,76.5,33681.0,False,False,?,False,?,0,淘汰
688719,爱科赛博,61.39,34490.0,False,False,?,?,?,0,淘汰
002342,巨力索具,75.36,34587.0,False,False,?,False,?,0,淘汰
300889,爱克股份,59.42,34594.0,False,False,?,?,?,0,淘汰
300342,天银机电,137.29,34718.0,False,False,?,False,False,0,淘汰
301628,强达电路,80.65,34927.0,False,False,?,False,?,0,淘汰
301050,雷电微力,71.95,7783.0,False,False,?,?,?,0,淘汰
002845,同兴达,44.12,7785.0,False,False,?,False,?,0,淘汰
002355,兴民智通,33.09,7799.0,False,False,?,?,?,0,淘汰
000915,华特达因,59.5,7800.0,False,False,?,False,False,0,淘汰
002880,卫光生物,50.35,7809.0,False,False,?,False,False,0,淘汰
002307,北新路桥,50.62,7817.0,False,False,?,?,False,0,淘汰
300985,致远新能,67.61,7823.0,False,False,?,?,False,0,淘汰
688199,久日新材,36.81,7848.0,False,False,?,False,?,0,淘汰
688315,诺禾致源,58.06,7855.0,False,False,?,False,?,0,淘汰
603098,森特股份,58.54,7870.0,False,False,?,False,?,0,淘汰
600195,中牧股份,70.46,7885.0,False,False,?,False,?,0,淘汰
300769,德方纳米,116.61,35555.0,False,False,?,False,?,0,淘汰
301251,威尔高,101.22,35666.0,False,False,?,False,?,0,淘汰
600158,中体产业,70.72,35727.0,False,False,?,?,False,0,淘汰
300505,川金诺,56.16,35810.0,False,False,?,False,False,0,淘汰
300828,锐新科技,30.12,35817.0,False,False,?,False,?,0,淘汰
000409,云鼎科技,62.35,7708.0,False,False,?,False,False,0,淘汰
000882,华联股份,42.16,7718.0,False,False,?,?,False,0,淘汰
001230,劲旅环境,37.09,7722.0,False,False,?,False,?,0,淘汰
002819,东方中科,64.42,7727.0,False,False,?,?,?,0,淘汰
300111,向日葵,39.65,7734.0,False,False,?,?,?,0,淘汰
600322,津投城开,30.3,7743.0,False,False,?,False,?,0,淘汰
003007,直真科技,46.87,7753.0,False,False,?,?,False,0,淘汰
605218,伟时电子,34.21,7775.0,False,False,?,?,?,0,淘汰
301608,博实结,58.49,7780.0,False,False,?,False,?,0,淘汰
002943,宇晶股份,82.72,34435.0,False,False,?,?,?,0,淘汰
300386,飞天诚信,52.46,34482.0,False,False,?,?,False,0,淘汰
600106,重庆路桥,61.53,7564.0,False,False,?,False,?,0,淘汰
603050,科林电气,74.61,7601.0,False,False,?,False,?,0,淘汰
301038,深水规院,39.89,7606.0,False,False,?,False,?,0,淘汰
600503,华丽家族,35.41,7617.0,False,?,?,?,False,0,淘汰
002556,辉隆股份,50.02,7623.0,False,False,?,False,False,0,淘汰
301028,鼎熔岩,52.0,7650.0,False,False,?,False,False,0,淘汰
600715,文投控股,69.02,7689.0,False,False,?,?,?,0,淘汰
688790,昂瑞微-UW,105.48,7696.0,False,False,?,False,?,0,淘汰
301189,奥尼电子,92.23,36063.0,False,False,?,False,?,0,淘汰
301382,蜂助手,105.29,36168.0,False,False,?,False,?,0,淘汰
688628,优利德,85.57,36319.0,False,False,?,False,?,0,淘汰
300404,博济医药,47.95,36445.0,False,False,?,False,?,0,淘汰
300598,诚迈科技,72.45,36456.0,False,False,?,?,False,0,淘汰
002988,豪美新材,65.32,37093.0,False,False,?,False,False,0,淘汰
301630,同宇新材,100.81,34933.0,False,False,?,False,?,0,淘汰
301326,捷邦科技,75.62,35500.0,False,False,?,?,?,0,淘汰
300936,中英科技,55.44,37293.0,False,False,?,?,?,0,淘汰
000672,上峰材料,144.34,37390.0,False,False,?,False,False,0,淘汰
603990,麦迪科技,63.28,37456.0,False,False,?,False,?,0,淘汰
301566,达利凯普,94.64,37517.0,False,False,?,False,?,0,淘汰
688035,德邦科技,90.56,37662.0,False,False,?,False,?,0,淘汰
002292,奥飞娱乐,125.39,37698.0,False,False,?,False,?,0,淘汰
002567,唐人神,58.04,38361.0,False,False,?,?,?,0,淘汰
688660,电气风电,112.27,38365.0,False,False,?,?,?,0,淘汰
300349,金卡智能,42.89,7442.0,False,False,?,False,?,0,淘汰
301066,万事利,30.54,7461.0,False,False,?,False,?,0,淘汰
600229,城市传媒,35.55,7476.0,False,False,?,?,False,0,淘汰
300774,倍杰特,44.51,7483.0,False,False,?,?,?,0,淘汰
300853,申昊科技,41.04,7496.0,False,False,?,?,?,0,淘汰
002148,北纬科技,35.93,7538.0,False,False,?,False,False,0,淘汰
301069,凯盛新材,73.1,7556.0,False,False,?,False,False,0,淘汰
603051,鹿山新材,34.49,7560.0,False,False,?,False,?,0,淘汰
002365,永安药业,42.26,40282.0,False,False,?,False,?,0,淘汰
601579,会稽山,115.41,40586.0,False,False,?,False,False,0,淘汰
601908,京运通,71.71,7332.0,False,False,?,?,?,0,淘汰
300584,海辰药业,36.73,7364.0,False,False,?,False,?,0,淘汰
600197,伊力特,45.9,7378.0,False,False,?,False,?,0,淘汰
688458,美芯晟,40.1,7379.0,False,False,?,?,?,0,淘汰
300479,神思电子,30.05,7393.0,False,False,?,?,False,0,淘汰
002052,同洲电子,65.16,7405.0,False,False,?,False,False,0,淘汰
688456,有研粉材,73.63,38656.0,False,False,?,False,?,0,淘汰
300895,铜牛信息,79.03,38724.0,False,False,?,?,?,0,淘汰
688059,华锐精密,118.47,38891.0,False,False,?,False,?,0,淘汰
002285,世联行,47.23,38934.0,False,False,?,?,False,0,淘汰
002215,诺 普 信,106.65,39106.0,False,False,?,False,False,0,淘汰
301262,海看股份,86.61,39305.0,False,False,?,False,?,0,淘汰
600857,宁波中百,46.61,39641.0,False,False,?,False,False,0,淘汰
002881,美格智能,126.75,37208.0,False,False,?,False,?,0,淘汰
600383,金地集团,107.9,41067.0,False,False,?,?,False,0,淘汰
688515,裕太微-U,113.54,41166.0,False,False,?,?,False,0,淘汰
002987,京北方,127.56,41282.0,False,False,?,False,?,0,淘汰
300304,云意电气,105.11,41739.0,False,False,?,False,False,0,淘汰
603257,中国瑞林,85.99,41881.0,False,False,?,False,?,0,淘汰
002779,中坚科技,149.17,41920.0,False,False,?,?,?,0,淘汰
600192,长城电工,32.12,7221.0,False,False,?,?,?,0,淘汰
300768,迪普科技,95.8,7241.0,False,False,?,False,False,0,淘汰
301116,益客食品,43.96,7256.0,False,False,?,False,?,0,淘汰
300507,苏奥传感,52.82,7265.0,False,False,?,False,?,0,淘汰
000607,华媒控股,38.77,7270.0,False,False,?,?,False,0,淘汰
002642,荣联科技,48.1,7284.0,False,False,?,False,False,0,淘汰
300465,高伟达,54.89,39707.0,False,False,?,False,?,0,淘汰
600360,华微电子,92.76,39763.0,False,False,?,False,?,0,淘汰
300263,隆华科技,101.43,40077.0,False,False,?,False,?,0,淘汰
688381,帝奥微,87.81,40195.0,False,False,?,False,?,0,淘汰
600293,三峡新材,33.88,6975.0,False,False,?,?,?,0,淘汰
300258,精锻科技,54.82,6977.0,False,False,?,?,?,0,淘汰
300161,华中数控,52.61,7014.0,False,False,?,?,?,0,淘汰
688151,华强科技,57.32,7051.0,False,False,?,False,?,0,淘汰
300894,火星人,44.51,7056.0,False,False,?,?,?,0,淘汰
301221,光庭信息,37.2,7105.0,False,False,?,?,?,0,淘汰
301558,三态股份,52.3,7112.0,False,False,?,False,?,0,淘汰
000906,浙商中拓,43.29,7128.0,False,False,?,False,?,0,淘汰
600207,安彩高科,48.04,7156.0,False,False,?,?,?,0,淘汰
301571,国科天成,115.82,42224.0,False,False,?,False,?,0,淘汰
688690,纳微科技,142.55,42401.0,False,False,?,False,?,0,淘汰
688600,皖仪科技,44.59,42423.0,False,False,?,False,?,0,淘汰
600325,华发股份,72.38,42514.0,False,False,?,?,False,0,淘汰
002903,宇环数控,42.4,42755.0,False,False,?,?,False,0,淘汰
002840,华统股份,74.2,40894.0,False,False,?,?,False,0,淘汰
688530,欧莱新材,86.26,41049.0,False,False,?,False,?,0,淘汰
002457,青龙管业,40.22,43371.0,False,False,?,False,False,0,淘汰
605277,新亚电子,65.94,43534.0,False,False,?,False,?,0,淘汰
600203,福日电子,65.23,43549.0,False,False,?,False,?,0,淘汰
002741,光华科技,107.08,43813.0,False,False,?,False,?,0,淘汰
002174,游族网络,119.34,43913.0,False,False,?,False,False,0,淘汰
002470,金正大,68.68,44048.0,False,False,?,?,?,0,淘汰
688260,昀冢科技,107.48,44109.0,False,False,?,?,?,0,淘汰
603477,巨星农牧,84.67,44228.0,False,False,?,?,?,0,淘汰
000890,法尔胜,35.7,44259.0,False,False,?,?,?,0,淘汰
300061,旗天科技,43.3,44306.0,False,False,?,?,?,0,淘汰
301338,凯格精机,140.02,44394.0,False,False,?,False,?,0,淘汰
300528,幸福蓝海,51.94,44417.0,False,False,?,?,?,0,淘汰
301208,中亦科技,37.74,6869.0,False,False,?,False,?,0,淘汰
301609,山大电力,52.55,6881.0,False,False,?,False,?,0,淘汰
688522,纳睿雷达,79.42,6885.0,False,False,?,False,?,0,淘汰
603324,盛剑科技,38.5,6909.0,False,False,?,?,?,0,淘汰
301235,华康洁净,65.31,47177.0,False,False,?,False,?,0,淘汰
688598,金博股份,65.99,47338.0,False,False,?,?,?,0,淘汰
688258,卓易信息,114.42,47590.0,False,False,?,False,False,0,淘汰
300066,三川智慧,50.65,6769.0,False,False,?,False,?,0,淘汰
301617,博苑新材,85.81,6781.0,False,False,?,False,?,0,淘汰
603416,信捷电气,73.98,6811.0,False,False,?,False,?,0,淘汰
603657,春光科技,34.14,6817.0,False,False,?,?,?,0,淘汰
301680,固德电材,77.67,6822.0,False,False,?,False,?,0,淘汰
688157,松井股份,36.29,6826.0,False,False,?,?,?,0,淘汰
002443,金洲管道,55.91,44618.0,False,False,?,False,?,0,淘汰
300561,汇金科技,54.93,44618.0,False,False,?,?,?,0,淘汰
301127,武汉天源,116.95,45097.0,False,False,?,False,?,0,淘汰
603200,上海洗霸,72.12,45197.0,False,False,?,?,?,0,淘汰
603191,望变电气,55.21,45693.0,False,False,?,False,?,0,淘汰
688390,固德威,148.84,45708.0,False,False,?,False,?,0,淘汰
002298,中电鑫龙,63.8,45911.0,False,False,?,False,False,0,淘汰
301629,矽电股份,112.16,48314.0,False,False,?,?,?,0,淘汰
300795,米奥会展,41.37,48453.0,False,False,?,?,?,0,淘汰
002163,海南发展,76.98,48734.0,False,False,?,?,False,0,淘汰
603897,长城科技,61.54,48745.0,False,False,?,False,?,0,淘汰
000735,罗 牛 山,70.59,48745.0,False,False,?,?,False,0,淘汰
002951,金时科技,63.76,6640.0,False,False,?,?,?,0,淘汰
301522,上大股份,86.12,6651.0,False,False,?,False,?,0,淘汰
600990,四创电子,50.82,6665.0,False,False,?,?,?,0,淘汰
600523,贵航股份,49.57,6689.0,False,False,?,False,False,0,淘汰
002806,华锋股份,31.3,6714.0,False,False,?,?,?,0,淘汰
603955,大千生态,34.7,6725.0,False,False,?,?,False,0,淘汰
600897,厦门空港,64.54,6731.0,False,False,?,False,False,0,淘汰
002471,中超控股,79.25,46010.0,False,False,?,?,?,0,淘汰
603150,万朗磁塑,56.85,46529.0,False,False,?,False,False,0,淘汰
002896,中大力德,123.08,46584.0,False,False,?,False,?,0,淘汰
300225,金力泰,37.04,46874.0,False,False,?,False,?,0,淘汰
301697,C贝特利,72.11,49768.0,?,?,?,False,?,0,淘汰
000796,凯撒旅业,70.09,50002.0,False,False,?,?,?,0,淘汰
000059,华锦股份,91.97,50082.0,False,False,?,False,?,0,淘汰
002173,创新医疗,81.2,50204.0,False,False,?,?,False,0,淘汰
605577,龙版传媒,69.11,50251.0,False,False,?,False,False,0,淘汰
603615,茶花股份,43.77,6524.0,False,False,?,False,?,0,淘汰
688759,必贝特-U,104.23,6543.0,?,False,?,?,?,0,淘汰
301075,多瑞医药,48.91,6547.0,False,False,?,False,?,0,淘汰
600851,海欣股份,102.6,6548.0,False,False,?,False,False,0,淘汰
002314,南山控股,60.65,6593.0,False,False,?,?,False,0,淘汰
300382,斯莱克,112.89,47656.0,False,False,?,?,?,0,淘汰
300192,科德教育,85.99,48032.0,False,False,?,False,False,0,淘汰
601890,亚星锚链,87.79,48058.0,False,False,?,False,?,0,淘汰
301500,飞南资源,139.82,48128.0,False,False,?,False,?,0,淘汰
002617,露笑科技,116.65,48147.0,False,False,?,False,?,0,淘汰
600318,新力金融,37.63,48160.0,False,False,?,False,?,0,淘汰
688535,华海诚科,135.37,51742.0,False,False,?,False,?,0,淘汰
301013,利和兴,84.29,52134.0,False,False,?,?,?,0,淘汰
002172,澳洋健康,32.24,52329.0,False,False,?,False,False,0,淘汰
603711,香飘飘,48.22,6396.0,False,False,?,False,?,0,淘汰
603271,永杰新材,81.31,6440.0,False,False,?,False,False,0,淘汰
300695,兆丰股份,49.71,6443.0,False,False,?,False,?,0,淘汰
605598,上海港湾,63.18,6462.0,False,False,?,?,?,0,淘汰
002554,惠博普,38.41,6463.0,False,False,?,?,False,0,淘汰
300210,森远股份,39.22,6473.0,False,False,?,?,?,0,淘汰
300521,爱司凯,37.37,6492.0,False,False,?,?,?,0,淘汰
002818,富森美,82.56,6497.0,False,False,?,False,False,0,淘汰
600790,轻纺城,50.13,6509.0,False,False,?,False,False,0,淘汰
603110,东方材料,52.12,48946.0,False,False,?,False,?,0,淘汰
002036,联创电子,72.66,49004.0,False,False,?,?,?,0,淘汰
000813,德展健康,71.93,49093.0,False,False,?,?,False,0,淘汰
603363,傲农生物,89.58,49400.0,False,False,?,?,?,0,淘汰
300996,普联软件,55.49,53646.0,False,False,?,?,?,0,淘汰
300005,探路者,94.29,54048.0,False,False,?,False,?,0,淘汰
603348,文灿股份,46.26,6314.0,False,False,?,?,?,0,淘汰
000561,烽火电子,67.91,6316.0,False,False,?,?,False,0,淘汰
688595,芯海科技,42.0,6336.0,False,False,?,?,?,0,淘汰
688302,海创药业-U,31.07,6348.0,False,False,?,?,?,0,淘汰
603609,禾丰股份,60.66,6353.0,False,False,?,?,?,0,淘汰
688070,纵横股份,31.88,6357.0,False,False,?,?,?,0,淘汰
002367,康力电梯,45.87,6359.0,False,False,?,False,False,0,淘汰
603527,众源新材,31.19,6380.0,False,False,?,False,?,0,淘汰
603696,安记食品,35.59,50604.0,False,False,?,False,?,0,淘汰
002965,祥鑫科技,79.53,50733.0,False,False,?,?,?,0,淘汰
000420,吉林化纤,93.93,50916.0,False,False,?,False,?,0,淘汰
002115,三维通信,86.54,50982.0,False,False,?,False,False,0,淘汰
603686,福龙马,57.0,51393.0,False,False,?,False,False,0,淘汰
603399,永杉锂业,70.95,51702.0,False,False,?,False,?,0,淘汰
000676,智度股份,89.45,56514.0,False,False,?,False,?,0,淘汰
300951,博硕科技,137.01,57393.0,False,False,?,?,?,0,淘汰
002970,锐明技术,89.5,58083.0,False,False,?,False,?,0,淘汰
603886,元祖股份,30.34,6184.0,False,False,?,?,?,0,淘汰
300746,汉嘉数智,31.94,6209.0,False,False,?,False,?,0,淘汰
002561,徐家汇,30.27,6223.0,False,False,?,?,False,0,淘汰
300278,华昌达,50.76,6245.0,False,False,?,?,?,0,淘汰
000715,中兴商业,30.7,6270.0,False,False,?,False,False,0,淘汰
300130,新国都,114.71,55097.0,False,False,?,False,?,0,淘汰
002882,金龙羽,105.19,55453.0,False,False,?,False,?,0,淘汰
300785,值得买,72.34,55572.0,False,False,?,False,?,0,淘汰
002258,利尔化学,118.94,52562.0,False,False,?,False,False,0,淘汰
300671,富满微,114.06,52667.0,False,False,?,False,?,0,淘汰
605299,舒华体育,54.83,52686.0,False,False,?,False,False,0,淘汰
600228,返利科技,42.92,52922.0,False,False,?,?,?,0,淘汰
301292,海科新源,136.57,53165.0,False,False,?,False,?,0,淘汰
603221,爱丽家居,66.82,64557.0,False,False,?,?,False,0,淘汰
300252,金信诺,81.9,65158.0,False,False,?,False,?,0,淘汰
002587,奥拓电子,36.46,6097.0,False,False,?,False,?,0,淘汰
300360,炬华科技,58.93,6125.0,False,False,?,False,False,0,淘汰
300926,博俊科技,76.83,6138.0,False,False,?,False,?,0,淘汰
000897,津滨发展,30.4,6145.0,False,False,?,?,?,0,淘汰
000534,万泽股份,126.98,58936.0,False,False,?,False,?,0,淘汰
300917,特发服务,48.94,59677.0,False,False,?,False,?,0,淘汰
688507,索辰科技,130.99,59730.0,False,False,?,?,?,0,淘汰
688508,芯朋微,109.76,60418.0,False,False,?,False,False,0,淘汰
002100,天康生物,114.82,60529.0,False,False,?,?,False,0,淘汰
688308,欧科亿,133.66,61531.0,False,False,?,False,?,0,淘汰
301150,中一科技,116.96,56133.0,False,False,?,False,?,0,淘汰
603690,至纯科技,89.19,56333.0,False,False,?,?,?,0,淘汰
002796,世嘉科技,71.8,56360.0,False,False,?,?,?,0,淘汰
300363,博腾股份,106.9,56435.0,False,False,?,?,?,0,淘汰
002506,协鑫集成,148.01,67722.0,False,False,?,?,?,0,淘汰
600596,新安股份,148.73,68651.0,False,False,?,False,False,0,淘汰
002412,汉森制药,48.71,69111.0,False,False,?,False,?,0,淘汰
002124,天邦食品,53.77,69857.0,False,False,?,?,False,0,淘汰
300497,富祥股份,98.47,69924.0,False,False,?,False,False,0,淘汰
301141,中科磁业,48.29,5977.0,False,False,?,False,?,0,淘汰
300532,今天国际,47.04,6024.0,False,False,?,False,?,0,淘汰
301683,慧谷新材,60.74,6026.0,False,False,?,False,?,0,淘汰
601026,道生天合,97.46,6078.0,False,False,?,False,?,0,淘汰
600059,古越龙山,83.77,66244.0,False,False,?,False,?,0,淘汰
600986,浙文互联,112.45,66471.0,False,False,?,?,?,0,淘汰
300229,拓尔思,120.47,66738.0,False,False,?,?,False,0,淘汰
688662,富信科技,91.19,62261.0,False,False,?,False,?,0,淘汰
301310,鑫宏业,105.22,62675.0,False,False,?,False,?,0,淘汰
300113,顺网科技,116.23,62784.0,False,False,?,False,?,0,淘汰
603936,博敏电子,103.13,63626.0,False,False,?,?,?,0,淘汰
603138,海量数据,45.01,75808.0,False,False,?,?,False,0,淘汰
301591,肯特股份,50.97,76035.0,False,False,?,False,?,0,淘汰
600363,联创光电,73.54,76508.0,False,False,?,False,?,0,淘汰
002362,汉王科技,39.53,5872.0,False,False,?,?,?,0,淘汰
002351,漫步者,90.16,5873.0,False,False,?,False,?,0,淘汰
002313,日海智能,32.16,5892.0,False,False,?,False,?,0,淘汰
002375,亚厦股份,51.32,5893.0,False,False,?,False,False,0,淘汰
002614,奥佳华,35.37,5904.0,False,False,?,?,False,0,淘汰
301557,常友科技,52.67,5943.0,False,False,?,False,?,0,淘汰
000407,胜利股份,37.32,5945.0,False,False,?,False,?,0,淘汰
301213,观想科技,44.89,5966.0,False,False,?,?,?,0,淘汰
000998,隆平高科,137.98,67154.0,False,False,?,?,?,0,淘汰
300943,春晖智控,72.36,67155.0,False,False,?,False,False,0,淘汰
002272,川润股份,81.9,67325.0,False,False,?,?,False,0,淘汰
300766,每日互动,89.33,67590.0,False,False,?,?,False,0,淘汰
600828,茂业商业,86.08,67651.0,False,False,?,?,False,0,淘汰
300328,宜安科技,108.19,78936.0,False,False,?,?,?,0,淘汰
300322,硕贝德,82.07,79469.0,False,False,?,False,?,0,淘汰
002842,翔鹭钨业,111.7,79772.0,False,False,?,False,?,0,淘汰
300862,蓝盾光电,85.76,79854.0,False,False,?,?,?,0,淘汰
603045,福达合金,67.7,80392.0,False,False,?,False,False,0,淘汰
300830,金现代,45.07,81057.0,False,False,?,?,False,0,淘汰
603613,国联股份,149.01,81645.0,False,False,?,False,False,0,淘汰
301357,北方长龙,96.63,81861.0,False,False,?,?,?,0,淘汰
002400,省广集团,117.5,81915.0,False,False,?,False,?,0,淘汰
002892,科力尔,76.24,5797.0,False,False,?,?,?,0,淘汰
301329,信音电子,33.24,5798.0,False,False,?,False,?,0,淘汰
002912,中新赛克,34.15,5851.0,False,False,?,?,?,0,淘汰
688562,航天软件,58.52,5859.0,False,False,?,?,?,0,淘汰
301307,美利信,117.35,73328.0,False,False,?,?,?,0,淘汰
002515,金字火腿,89.83,74344.0,False,False,?,?,False,0,淘汰
002537,海联金汇,77.49,74428.0,False,False,?,False,False,0,淘汰
300377,赢时胜,114.08,83195.0,False,False,?,?,False,0,淘汰
002041,登海种业,96.62,86365.0,False,False,?,False,?,0,淘汰
000779,甘咨询,49.27,86872.0,False,False,?,False,False,0,淘汰
600657,信达地产,99.82,87319.0,False,False,?,?,False,0,淘汰
300063,天龙集团,70.39,87668.0,False,False,?,False,False,0,淘汰
600830,香溢融通,44.48,88657.0,False,False,?,False,False,0,淘汰
002385,大北农,148.1,89672.0,False,False,?,?,?,0,淘汰
300991,创益通,39.07,5650.0,False,False,?,?,?,0,淘汰
300893,松原安全,67.92,5684.0,False,False,?,False,?,0,淘汰
600469,风神股份,46.37,5685.0,False,False,?,False,?,0,淘汰
300577,开润股份,47.75,5700.0,False,False,?,False,False,0,淘汰
000411,英特集团,57.73,5734.0,False,False,?,False,False,0,淘汰
605056,咸亨国际,56.0,5745.0,False,False,?,False,?,0,淘汰
002357,富临运业,35.42,5760.0,False,False,?,False,False,0,淘汰
603598,引力传媒,50.68,78018.0,False,False,?,False,?,0,淘汰
002787,华源控股,77.88,78294.0,False,False,?,False,?,0,淘汰
688020,方邦股份,108.93,98826.0,False,False,?,?,?,0,淘汰
688603,天承科技,147.17,100556.0,False,False,?,False,?,0,淘汰
000017,深中华A,65.61,101166.0,False,False,?,False,?,0,淘汰
688031,星环科技-U,128.26,101407.0,False,False,?,?,?,0,淘汰
000815,美利云,112.49,102466.0,False,False,?,False,?,0,淘汰
603626,科森科技,99.49,102806.0,False,False,?,False,?,0,淘汰
688175,高凌信息,30.38,5489.0,False,False,?,False,?,0,淘汰
001256,炜冈科技,31.89,5555.0,False,False,?,False,False,0,淘汰
688197,首药控股-U,48.26,5561.0,?,False,?,?,?,0,淘汰
002119,康强电子,82.15,92596.0,False,False,?,False,False,0,淘汰
002084,海鸥住工,45.87,94933.0,False,False,?,?,?,0,淘汰
300164,通源石油,59.55,95674.0,False,False,?,?,False,0,淘汰
301218,华是科技,55.64,96275.0,False,False,?,?,False,0,淘汰
300624,万兴科技,107.09,96401.0,False,False,?,?,?,0,淘汰
000510,新金路,103.77,98286.0,False,False,?,?,False,0,淘汰
300145,南方泵业,94.86,82740.0,False,False,?,False,?,0,淘汰
603533,掌阅科技,105.34,136903.0,False,False,?,?,?,0,淘汰
600721,百花医药,45.91,137265.0,False,False,?,False,False,0,淘汰
000546,金圆股份,36.01,5378.0,False,False,?,?,?,0,淘汰
002786,银宝山新,39.3,5399.0,False,False,?,False,?,0,淘汰
301280,珠城科技,78.22,5405.0,False,False,?,False,?,0,淘汰
600052,东望时代,33.09,5411.0,False,False,?,?,False,0,淘汰
002482,广田集团,49.51,5416.0,False,False,?,?,?,0,淘汰
603159,上海亚虹,31.23,5457.0,False,False,?,?,?,0,淘汰
688339,亿华通-U,42.29,5459.0,False,False,?,?,?,0,淘汰
600371,万向德农,40.08,110940.0,False,False,?,False,?,0,淘汰
601700,风范股份,87.46,112053.0,False,False,?,False,?,0,淘汰
002300,太阳电缆,58.0,112997.0,False,False,?,False,?,0,淘汰
603270,金帝股份,73.12,114237.0,False,False,?,False,?,0,淘汰
002059,云南旅游,57.41,117591.0,False,False,?,?,False,0,淘汰
002031,巨轮智能,117.89,121435.0,False,False,?,?,?,0,淘汰
000533,顺钠股份,83.24,121617.0,False,False,?,False,?,0,淘汰
300522,世名科技,42.24,13809.0,False,False,?,False,?,0,淘汰
300817,双飞集团,36.5,5214.0,False,False,?,False,False,0,淘汰
002178,延华智能,33.4,5224.0,False,False,?,?,?,0,淘汰
603015,弘讯科技,44.14,5229.0,False,False,?,False,False,0,淘汰
600067,冠城新材,39.8,5232.0,False,False,?,?,False,0,淘汰
688280,精进电动-W,31.99,5235.0,False,False,?,?,?,0,淘汰
688007,光峰科技,48.72,5244.0,False,False,?,?,False,0,淘汰
300354,东华测试,38.63,5250.0,False,False,?,False,?,0,淘汰
688209,英集芯,149.66,137582.0,False,False,?,False,?,0,淘汰
300300,海峡创新,60.88,142705.0,False,False,?,?,False,0,淘汰
002708,光洋股份,85.83,153333.0,False,False,?,False,?,0,淘汰
603989,艾华集团,125.7,154534.0,False,False,?,False,?,0,淘汰
600611,大众交通,118.44,159650.0,False,False,?,?,False,0,淘汰
603269,海鸥股份,118.4,161493.0,False,False,?,False,?,0,淘汰
300499,高澜股份,100.73,162194.0,False,False,?,False,?,0,淘汰
002328,新朋股份,76.87,163992.0,False,False,?,False,False,0,淘汰
301155,海力风电,80.67,14049.0,False,False,?,?,?,0,淘汰
002746,仙坛股份,58.17,13565.0,False,False,?,False,False,0,淘汰
002989,中天精装,46.27,13606.0,False,False,?,?,?,0,淘汰
300337,银邦股份,81.13,13624.0,False,False,?,False,?,0,淘汰
000889,中嘉博创,37.36,13625.0,False,False,?,False,?,0,淘汰
002161,远 望 谷,51.64,13651.0,False,False,?,?,?,0,淘汰
688010,福光股份,40.3,13655.0,False,False,?,?,False,0,淘汰
002560,通达股份,45.73,13666.0,False,False,?,False,?,0,淘汰
002605,姚记科技,72.52,13673.0,False,False,?,False,False,0,淘汰
301137,哈焊华通,59.45,13689.0,False,False,?,False,False,0,淘汰
600513,联环药业,44.45,13695.0,False,False,?,False,?,0,淘汰
002403,爱仕达,38.42,13699.0,False,False,?,?,?,0,淘汰
001266,宏英智能,34.74,13712.0,False,False,?,False,?,0,淘汰
688552,航天南湖,107.68,13718.0,False,False,?,False,?,0,淘汰
300901,中胤时尚,46.18,13754.0,False,False,?,False,False,0,淘汰
000524,岭南控股,68.29,13804.0,False,False,?,False,?,0,淘汰
